Workbook

Sheet Instructions
A1: Instructions for Using this Excel Spreadsheet
A3: Step 1: Adding Data Related to Your Course
B4: 1) Select the sheet "Course"
B5: 2) Add the Information in the cells highlighted in yellow.
A7: Step 2: Adding Participants
B8: 1) Export the list of participants from myStudy and open the file.
B9: 2) Click on one of the cells in the list and select the entire table. Copy the selected content.
B10: 3) Switch to this file and open the sheet "List of Participants."
B11: 4) Click on the cell in the upper corner on the left side, that is, A1 (cell highlighted in yellow).
B12: 5) Paste copied content.
B13: You should now be able to see the full list of participants. Names of participants will be automatically added to the other sheets.
B14: It is possible to update this list, for example when you add another participant at the end of the add/drop period.
B15: Please note:
B16: • Changes to the list will affect the entire workbook and that all worksheets will be updated automatically. The list can be updated at any time.
B17: • In the sheet "Grades," information in Columns B (first name) and C (last name) will be listed starting Row 2. If you add data manually, please start in B2. (The table generated via myStudy has a header row."
A20: Step 3: Awarding Points
B21: 1) Switch to the sheet "Grading." Names of participants should be have been added automatically.
B22: 2) Award points for artifacts. Please only award full points.
B23: 3) The final score will be calculated automatically; the score will be listed in Line 32.
A25: Step 4: Sharing Grades with Participants
B26: The workbook contains a separate sheet for each participant. It includes 40 sheets in total (Stud1 to Stud40).
B27: Sheets for participants are arranged in the workbook in the same order as in the list of participants. Grading criteria and scores listed on the sheet "Grading" will be added automatically.
B28: To share results with individual participants, you
B29: 1) need to switch on the separate sheet for the participant (Stud1 to Stud40)
B30: 2) need to save the sheet as a PDF. Use the the option "Save as" and select PDF as file type.
B31: You may share results by emailing the PDF to individual participants.
A33: Step 5: Filing Grades for the Course
B34: You may file grades by sharing the workbook with the Examination Office (Prüfungsamt).
A37: Assessment: Adjusting View and Page Layout
B38: To display the grading criteria while adding grades, you may use the split screen function. This option has already been turned on in this file.
B39: In the horizontal scrollbar, you will find a small double line that can be clicked and dragged (see figure below).
B41: #VALUE!

Sheet Course
A1: Please add your name, title of your course, and course number to this sheet.
A3: Instructor
A4: Title
A5: Course Number

Sheet Grading
A1: You can award up to five points per item/criterion. Please only award full points.
B2: 4–5 = criterion fully met | AS2: 10
B3: 2–3 = criterion met for the most part
B4: 1 = criterion met to some extent
B5: 0 = criterion not met
D6: Name (added automatically from the list of participants)
D7: ='List of Participants'!$C$2 -> 0 | E7: ='List of Participants'!$C$3 -> 0 | F7: ='List of Participants'!$C$4 -> 0 | G7: ='List of Participants'!$C$5 -> 0 | H7: ='List of Participants'!$C$6 -> 0 | I7: ='List of Participants'!$C$7 -> 0 | J7: ='List of Participants'!$C$8 -> 0 | K7: ='List of Participants'!$C$9 -> 0 | L7: ='List of Participants'!$C$10 -> 0 | M7: ='List of Participants'!$C$11 -> 0 | N7: ='List of Participants'!$C$12 -> 0 | O7: ='List of Participants'!$C$13 -> 0 | P7: ='List of Participants'!$C$14 -> 0 | Q7: ='List of Participants'!$C$15 -> 0 | R7: ='List of Participants'!$C$16 -> 0 | S7: ='List of Participants'!$C$17 -> 0 | T7: ='List of Participants'!$C$18 -> 0 | U7: ='List of Participants'!$C$19 -> 0 | V7: ='List of Participants'!$C$20 -> 0 | W7: ='List of Participants'!$C$21 -> 0 | X7: ='List of Participants'!$C$22 -> 0 | Y7: ='List of Participants'!$C$23 -> 0 | Z7: ='List of Participants'!$C$24 -> 0 | AA7: ='List of Participants'!$C$25 -> 0 | AB7: ='List of Participants'!$C$26 -> 0 | AC7: ='List of Participants'!$C$27 -> 0 | AD7: ='List of Participants'!$C$28 -> 0 | AE7: ='List of Participants'!$C$29 -> 0 | AF7: ='List of Participants'!$C$30 -> 0 | AG7: ='List of Participants'!$C$31 -> 0 | AH7: ='List of Participants'!$C$32 -> 0 | AI7: ='List of Participants'!$C$33 -> 0 | AJ7: ='List of Participants'!$C$34 -> 0 | AK7: ='List of Participants'!$C$35 -> 0 | AL7: ='List of Participants'!$C$36 -> 0 | AM7: ='List of Participants'!$C$37 -> 0 | AN7: ='List of Participants'!$C$38 -> 0 | AO7: ='List of Participants'!$C$39 -> 0 | AP7: ='List of Participants'!$C$40 -> 0 | AQ7: ='List of Participants'!$C$41 -> 0
D8: ='List of Participants'!$B$2 -> 0 | E8: ='List of Participants'!$B$3 -> 0 | F8: ='List of Participants'!$B$4 -> 0 | G8: ='List of Participants'!$B$5 -> 0 | H8: ='List of Participants'!$B$6 -> 0 | I8: ='List of Participants'!$B$7 -> 0 | J8: ='List of Participants'!$B$8 -> 0 | K8: ='List of Participants'!$B$9 -> 0 | L8: ='List of Participants'!$B$10 -> 0 | M8: ='List of Participants'!$B$11 -> 0 | N8: ='List of Participants'!$B$12 -> 0 | O8: ='List of Participants'!$B$13 -> 0 | P8: ='List of Participants'!$B$14 -> 0 | Q8: ='List of Participants'!$B$15 -> 0 | R8: ='List of Participants'!$B$16 -> 0 | S8: ='List of Participants'!$B$17 -> 0 | T8: ='List of Participants'!$B$18 -> 0 | U8: ='List of Participants'!$B$19 -> 0 | V8: ='List of Participants'!$B$20 -> 0 | W8: ='List of Participants'!$B$21 -> 0 | X8: ='List of Participants'!$B$22 -> 0 | Y8: ='List of Participants'!$B$23 -> 0 | Z8: ='List of Participants'!$B$24 -> 0 | AA8: ='List of Participants'!$B$25 -> 0 | AB8: ='List of Participants'!$B$26 -> 0 | AC8: ='List of Participants'!$B$27 -> 0 | AD8: ='List of Participants'!$B$28 -> 0 | AE8: ='List of Participants'!$B$29 -> 0 | AF8: ='List of Participants'!$B$30 -> 0 | AG8: ='List of Participants'!$B$31 -> 0 | AH8: ='List of Participants'!$B$32 -> 0 | AI8: ='List of Participants'!$B$33 -> 0 | AJ8: ='List of Participants'!$B$34 -> 0 | AK8: ='List of Participants'!$B$35 -> 0 | AL8: ='List of Participants'!$B$36 -> 0 | AM8: ='List of Participants'!$B$37 -> 0 | AN8: ='List of Participants'!$B$38 -> 0 | AO8: ='List of Participants'!$B$39 -> 0 | AP8: ='List of Participants'!$B$40 -> 0 | AQ8: ='List of Participants'!$B$41 -> 0
A9: Artefact | B9: Items
A11: Research Question (Artefact 1a) | B11: The research question is precise and related to a specific topic.
A12: Reflections (Artefacts 1b, 2d, 3, and 4) | B12: The writer has carefully considered and deepy engaged with the topic of the respective task.
B13: The writer has identified and described one specific situation in the respective reflection.
B14: The writer has analyzed this specific situation.
B15: The writer relates different learning experiences, for example the current experience to an earlier one.
B16: The writer questions previously held assumptions, biases, or stereotypes.
B17: The writer has gained valuable new insignts.
B18: Based on these insights, the writer discusses implications for future actions, thinking, and learning.
A19: Response Paper (Artefact 2a-c) | B19: The writer identifies the main thesis and key arguments of the text.
B20: The writer elaborates on these main points and provides references to the text.
B21: The writer contextualizes these points by also drawing on high-quality sources.
B22: The writer considers relevant contextual information, for example historical context, audience, or intellectual tradition.
B23: The writer positions themselves vis-a-vis the text and, perhaps, in the debate to which the text contributes.
B24: The writer supports this position with reasonable arguments.
B25: The writer's diction, tone, and style is appropriate for an academic audience.
A26: Entire Portfolio | B26: It is easy to read the text and to understand the writer's reasoning and position.
B27: The writer has carefully marked references to other texts as such and clearly attributed ideas to others. It is always obvious who is "speaking" and whose positions--the writer's, those of others--are discussed in the artifact.
B28: References to other sources are formatted correctly and consistently; full bibliographic information is provided in the list of works cited.
B29: The writer has structured the content and organized paragraphs in line with readers' expectations.
B30: In terms of grammar, spelling, and punctuation, the portfolio contains 5 = no or very few errors 4 = some errors 3 = several errors. It is possible for readers to follow the writer's explanations without any effort. 2 = many errors, some of them obvious mistakes. It is, at times, difficult for readers to understand what the writer wants to say. 1 = many errors, some of them obvious mistakes. It is very difficult for readers to understand the writer's explanations. 0 = many errors, many of them obvious mistakes. It is impossible for readers to understand what the writer wants to say.
B32: Total Score | D32: =SUM(D11:D30) -> 0 | E32: =SUM(E11:E30) -> 0 | F32: =SUM(F11:F30) -> 0 | G32: =SUM(G11:G30) -> 0 | H32: =SUM(H11:H30) -> 0 | I32: =SUM(I11:I30) -> 0 | J32: =SUM(J11:J30) -> 0 | K32: =SUM(K11:K30) -> 0 | ... AQ32: =SUM(AQ11:AQ30) -> 0

Sheet List of Participants

Sheet Stud1
A1: Instructor | B1: =Course!B3 -> 0
A2: Title | B2: =Course!B4 -> 0
A3: Course Number | B3: =Course!B5 -> 0
A5: Last Name | B5: =OFFSET(Grading!D7, Grading!$AS$10,0) -> 0
A6: First Name | B6: =OFFSET(Grading!D8, Grading!$AS$10,0) -> 0
A8: Grading Rubric
A9: max. total points per item: 5
A10: max. total points: 100
B11: 4–5 = criterion fully met
B12: 2–3 = criterion met for the most part
B13: 1 = criterion met to some extent
B14: 0 = criterion not met
B15: Total Score | C15: =OFFSET(Grading!D32, Grading!$AS$10,0) -> 0
A17: Artefact | B17: Items | C17: Points
A19: Research Question (Artefact 1a) | B19: The research question is precise and related to a specific topic. | C19: =OFFSET(Grading!D11, Grading!$AS$10,0) -> 0
A20: Reflections (Artefacts 1b, 2d, 3, and 4) | B20: The writer has carefully considered and deepy engaged with the topic. | C20: =OFFSET(Grading!D12, Grading!$AS$10,0) -> 0
B21: The writer has identified and described one specific situation. | C21: =OFFSET(Grading!D13, Grading!$AS$10,0) -> 0
B22: The writer has analyzed this specific situation. | C22: =OFFSET(Grading!D14, Grading!$AS$10,0) -> 0
B23: The writer relates different learning experiences, for example the current experience to an earlier one. | C23: =OFFSET(Grading!D15, Grading!$AS$10,0) -> 0
B24: The writer questions previously held assumptions, biases, or stereotypes. | C24: =OFFSET(Grading!D16, Grading!$AS$10,0) -> 0
B25: The writer has gained valuable new insignts. | C25: =OFFSET(Grading!D17, Grading!$AS$10,0) -> 0
B26: Based on these insights, the writer discusses implications for future actions, thinking, and learning. | C26: =OFFSET(Grading!D18, Grading!$AS$10,0) -> 0
A27: Response Paper (Artefact 2a-c) | B27: The writer identifies the main thesis and key arguments of the text. | C27: =OFFSET(Grading!D19, Grading!$AS$10,0) -> 0
B28: The writer elaborates on these main points and provides references to the text. | C28: =OFFSET(Grading!D20, Grading!$AS$10,0) -> 0
B29: The writer contextualizes these points by also drawing on high-quality sources. | C29: =OFFSET(Grading!D21, Grading!$AS$10,0) -> 0
B30: The writer considers relevant contextual information, for example historical context, audience, or intellectual tradition. | C30: =OFFSET(Grading!D22, Grading!$AS$10,0) -> 0
B31: The writer positions themselves vis-a-vis the text and, perhaps, in the debate to which the text contributes. | C31: =OFFSET(Grading!D23, Grading!$AS$10,0) -> 0
B32: The writer supports this position with reasonable arguments. | C32: =OFFSET(Grading!D24, Grading!$AS$10,0) -> 0
B33: The writer's diction, tone, and style is appropriate for an academic audience. | C33: =OFFSET(Grading!D25, Grading!$AS$10,0) -> 0
A34: Entire Portfolio | B34: It is easy to read the text and to understand the writer's reasoning and position. | C34: =OFFSET(Grading!D26, Grading!$AS$10,0) -> 0
B35: The writer has carefully marked references to other texts as such and clearly attributed ideas to others. It is always obvious who is "speaking" and whose positions--the writer's, those of others--are discussed in the artifact. | C35: =OFFSET(Grading!D27, Grading!$AS$10,0) -> 0
B36: References to other sources are formatted correctly and consistently; full bibliographic information is provided in the list of works cited. | C36: =OFFSET(Grading!D28, Grading!$AS$10,0) -> 0
B37: The writer has structured the content and organized paragraphs in line with readers' expectations. | C37: =OFFSET(Grading!D29, Grading!$AS$10,0) -> 0
B38: The texts are mostly correct in terms of spelling, punctuation, and grammar. | C38: =OFFSET(Grading!D30, Grading!$AS$10,0) -> 0

Sheet Stud2
A1: Instructor | B1: =Course!B3 -> 0
A2: Title | B2: =Course!B4 -> 0
A3: Course Number | B3: =Course!B5 -> 0
A5: Last Name | B5: =OFFSET(Grading!E7, Grading!$AS$10,0) -> 0
A6: First Name | B6: =OFFSET(Grading!E8, Grading!$AS$10,0) -> 0
A8: Grading Rubric
A9: max. total points per item: 5
A10: max. total points: 100
B11: 4–5 = criterion fully met
B12: 2–3 = criterion met for the most part
B13: 1 = criterion met to some extent
B14: 0 = criterion not met
B15: Total Score | C15: =OFFSET(Grading!E32, Grading!$AS$10,0) -> 0
A17: Artefact | B17: Items | C17: Points
A19: Research Question (Artefact 1a) | B19: The research question is precise and related to a specific topic. | C19: =OFFSET(Grading!E11, Grading!$AS$10,0) -> 0
A20: Reflections (Artefacts 1b, 2d, 3, and 4) | B20: The writer has carefully considered and deepy engaged with the topic. | C20: =OFFSET(Grading!E12, Grading!$AS$10,0) -> 0
B21: The writer has identified and described one specific situation. | C21: =OFFSET(Grading!E13, Grading!$AS$10,0) -> 0
B22: The writer has analyzed this specific situation. | C22: =OFFSET(Grading!E14, Grading!$AS$10,0) -> 0
B23: The writer relates different learning experiences, for example the current experience to an earlier one. | C23: =OFFSET(Grading!E15, Grading!$AS$10,0) -> 0
B24: The writer questions previously held assumptions, biases, or stereotypes. | C24: =OFFSET(Grading!E16, Grading!$AS$10,0) -> 0
B25: The writer has gained valuable new insignts. | C25: =OFFSET(Grading!E17, Grading!$AS$10,0) -> 0
B26: Based on these insights, the writer discusses implications for future actions, thinking, and learning. | C26: =OFFSET(Grading!E18, Grading!$AS$10,0) -> 0
A27: Response Paper (Artefact 2a-c) | B27: The writer identifies the main thesis and key arguments of the text. | C27: =OFFSET(Grading!E19, Grading!$AS$10,0) -> 0
B28: The writer elaborates on these main points and provides references to the text. | C28: =OFFSET(Grading!E20, Grading!$AS$10,0) -> 0
B29: The writer contextualizes these points by also drawing on high-quality sources. | C29: =OFFSET(Grading!E21, Grading!$AS$10,0) -> 0
B30: The writer considers relevant contextual information, for example historical context, audience, or intellectual tradition. | C30: =OFFSET(Grading!E22, Grading!$AS$10,0) -> 0
B31: The writer positions themselves vis-a-vis the text and, perhaps, in the debate to which the text contributes. | C31: =OFFSET(Grading!E23, Grading!$AS$10,0) -> 0
B32: The writer supports this position with reasonable arguments. | C32: =OFFSET(Grading!E24, Grading!$AS$10,0) -> 0
B33: The writer's diction, tone, and style is appropriate for an academic audience. | C33: =OFFSET(Grading!E25, Grading!$AS$10,0) -> 0
A34: Entire Portfolio | B34: It is easy to read the text and to understand the writer's reasoning and position. | C34: =OFFSET(Grading!E26, Grading!$AS$10,0) -> 0
B35: The writer has carefully marked references to other texts as such and clearly attributed ideas to others. It is always obvious who is "speaking" and whose positions--the writer's, those of others--are discussed in the artifact. | C35: =OFFSET(Grading!E27, Grading!$AS$10,0) -> 0
B36: References to other sources are formatted correctly and consistently; full bibliographic information is provided in the list of works cited. | C36: =OFFSET(Grading!E28, Grading!$AS$10,0) -> 0
B37: The writer has structured the content and organized paragraphs in line with readers' expectations. | C37: =OFFSET(Grading!E29, Grading!$AS$10,0) -> 0
B38: The texts are mostly correct in terms of spelling, punctuation, and grammar. | C38: =OFFSET(Grading!E30, Grading!$AS$10,0) -> 0

Sheet Stud3
A1: Instructor | B1: =Course!B3 -> 0
A2: Title | B2: =Course!B4 -> 0
A3: Course Number | B3: =Course!B5 -> 0
A5: Last Name | B5: =OFFSET(Grading!F7, Grading!$AS$10,0) -> 0
A6: First Name | B6: =OFFSET(Grading!F8, Grading!$AS$10,0) -> 0
A8: Grading Rubric
A9: max. total points per item: 5
A10: max. total points: 100
B11: 4–5 = criterion fully met
B12: 2–3 = criterion met for the most part
B13: 1 = criterion met to some extent
B14: 0 = criterion not met
B15: Total Score | C15: =OFFSET(Grading!F32, Grading!$AS$10,0) -> 0
A17: Artefact | B17: Items | C17: Points
A19: Research Question (Artefact 1a) | B19: The research question is precise and related to a specific topic. | C19: =OFFSET(Grading!F11, Grading!$AS$10,0) -> 0
A20: Reflections (Artefacts 1b, 2d, 3, and 4) | B20: The writer has carefully considered and deepy engaged with the topic. | C20: =OFFSET(Grading!F12, Grading!$AS$10,0) -> 0
B21: The writer has identified and described one specific situation. | C21: =OFFSET(Grading!F13, Grading!$AS$10,0) -> 0
B22: The writer has analyzed this specific situation. | C22: =OFFSET(Grading!F14, Grading!$AS$10,0) -> 0
B23: The writer relates different learning experiences, for example the current experience to an earlier one. | C23: =OFFSET(Grading!F15, Grading!$AS$10,0) -> 0
B24: The writer questions previously held assumptions, biases, or stereotypes. | C24: =OFFSET(Grading!F16, Grading!$AS$10,0) -> 0
B25: The writer has gained valuable new insignts. | C25: =OFFSET(Grading!F17, Grading!$AS$10,0) -> 0
B26: Based on these insights, the writer discusses implications for future actions, thinking, and learning. | C26: =OFFSET(Grading!F18, Grading!$AS$10,0) -> 0
A27: Response Paper (Artefact 2a-c) | B27: The writer identifies the main thesis and key arguments of the text. | C27: =OFFSET(Grading!F19, Grading!$AS$10,0) -> 0
B28: The writer elaborates on these main points and provides references to the text. | C28: =OFFSET(Grading!F20, Grading!$AS$10,0) -> 0
B29: The writer contextualizes these points by also drawing on high-quality sources. | C29: =OFFSET(Grading!F21, Grading!$AS$10,0) -> 0
B30: The writer considers relevant contextual information, for example historical context, audience, or intellectual tradition. | C30: =OFFSET(Grading!F22, Grading!$AS$10,0) -> 0
B31: The writer positions themselves vis-a-vis the text and, perhaps, in the debate to which the text contributes. | C31: =OFFSET(Grading!F23, Grading!$AS$10,0) -> 0
B32: The writer supports this position with reasonable arguments. | C32: =OFFSET(Grading!F24, Grading!$AS$10,0) -> 0
B33: The writer's diction, tone, and style is appropriate for an academic audience. | C33: =OFFSET(Grading!F25, Grading!$AS$10,0) -> 0
A34: Entire Portfolio | B34: It is easy to read the text and to understand the writer's reasoning and position. | C34: =OFFSET(Grading!F26, Grading!$AS$10,0) -> 0
B35: The writer has carefully marked references to other texts as such and clearly attributed ideas to others. It is always obvious who is "speaking" and whose positions--the writer's, those of others--are discussed in the artifact. | C35: =OFFSET(Grading!F27, Grading!$AS$10,0) -> 0
B36: References to other sources are formatted correctly and consistently; full bibliographic information is provided in the list of works cited. | C36: =OFFSET(Grading!F28, Grading!$AS$10,0) -> 0
B37: The writer has structured the content and organized paragraphs in line with readers' expectations. | C37: =OFFSET(Grading!F29, Grading!$AS$10,0) -> 0
B38: The texts are mostly correct in terms of spelling, punctuation, and grammar. | C38: =OFFSET(Grading!F30, Grading!$AS$10,0) -> 0

Sheet Stud4
A1: Instructor | B1: =Course!B3 -> 0
A2: Title | B2: =Course!B4 -> 0
A3: Course Number | B3: =Course!B5 -> 0
A5: Last Name | B5: =OFFSET(Grading!G7, Grading!$AS$10,0) -> 0
A6: First Name | B6: =OFFSET(Grading!G8, Grading!$AS$10,0) -> 0
A8: Grading Rubric
A9: max. total points per item: 5
A10: max. total points: 100
B11: 4–5 = criterion fully met
B12: 2–3 = criterion met for the most part
B13: 1 = criterion met to some extent
B14: 0 = criterion not met
B15: Total Score | C15: =OFFSET(Grading!G32, Grading!$AS$10,0) -> 0
A17: Artefact | B17: Items | C17: Points
A19: Research Question (Artefact 1a) | B19: The research question is precise and related to a specific topic. | C19: =OFFSET(Grading!G11, Grading!$AS$10,0) -> 0
A20: Reflections (Artefacts 1b, 2d, 3, and 4) | B20: The writer has carefully considered and deepy engaged with the topic. | C20: =OFFSET(Grading!G12, Grading!$AS$10,0) -> 0
B21: The writer has identified and described one specific situation. | C21: =OFFSET(Grading!G13, Grading!$AS$10,0) -> 0
B22: The writer has analyzed this specific situation. | C22: =OFFSET(Grading!G14, Grading!$AS$10,0) -> 0
B23: The writer relates different learning experiences, for example the current experience to an earlier one. | C23: =OFFSET(Grading!G15, Grading!$AS$10,0) -> 0
B24: The writer questions previously held assumptions, biases, or stereotypes. | C24: =OFFSET(Grading!G16, Grading!$AS$10,0) -> 0
B25: The writer has gained valuable new insignts. | C25: =OFFSET(Grading!G17, Grading!$AS$10,0) -> 0
B26: Based on these insights, the writer discusses implications for future actions, thinking, and learning. | C26: =OFFSET(Grading!G18, Grading!$AS$10,0) -> 0
A27: Response Paper (Artefact 2a-c) | B27: The writer identifies the main thesis and key arguments of the text. | C27: =OFFSET(Grading!G19, Grading!$AS$10,0) -> 0
B28: The writer elaborates on these main points and provides references to the text. | C28: =OFFSET(Grading!G20, Grading!$AS$10,0) -> 0
B29: The writer contextualizes these points by also drawing on high-quality sources. | C29: =OFFSET(Grading!G21, Grading!$AS$10,0) -> 0
B30: The writer considers relevant contextual information, for example historical context, audience, or intellectual tradition. | C30: =OFFSET(Grading!G22, Grading!$AS$10,0) -> 0
B31: The writer positions themselves vis-a-vis the text and, perhaps, in the debate to which the text contributes. | C31: =OFFSET(Grading!G23, Grading!$AS$10,0) -> 0
B32: The writer supports this position with reasonable arguments. | C32: =OFFSET(Grading!G24, Grading!$AS$10,0) -> 0
B33: The writer's diction, tone, and style is appropriate for an academic audience. | C33: =OFFSET(Grading!G25, Grading!$AS$10,0) -> 0
A34: Entire Portfolio | B34: It is easy to read the text and to understand the writer's reasoning and position. | C34: =OFFSET(Grading!G26, Grading!$AS$10,0) -> 0
B35: The writer has carefully marked references to other texts as such and clearly attributed ideas to others. It is always obvious who is "speaking" and whose positions--the writer's, those of others--are discussed in the artifact. | C35: =OFFSET(Grading!G27, Grading!$AS$10,0) -> 0
B36: References to other sources are formatted correctly and consistently; full bibliographic information is provided in the list of works cited. | C36: =OFFSET(Grading!G28, Grading!$AS$10,0) -> 0
B37: The writer has structured the content and organized paragraphs in line with readers' expectations. | C37: =OFFSET(Grading!G29, Grading!$AS$10,0) -> 0
B38: The texts are mostly correct in terms of spelling, punctuation, and grammar. | C38: =OFFSET(Grading!G30, Grading!$AS$10,0) -> 0

Sheet Stud5
A1: Instructor | B1: =Course!B3 -> 0
A2: Title | B2: =Course!B4 -> 0
A3: Course Number | B3: =Course!B5 -> 0
A5: Last Name | B5: =OFFSET(Grading!H7, Grading!$AS$10,0) -> 0
A6: First Name | B6: =OFFSET(Grading!H8, Grading!$AS$10,0) -> 0
A8: Grading Rubric
A9: max. total points per item: 5
A10: max. total points: 100
B11: 4–5 = criterion fully met
B12: 2–3 = criterion met for the most part
B13: 1 = criterion met to some extent
B14: 0 = criterion not met
B15: Total Score | C15: =OFFSET(Grading!H32, Grading!$AS$10,0) -> 0
A17: Artefact | B17: Items | C17: Points
A19: Research Question (Artefact 1a) | B19: The research question is precise and related to a specific topic. | C19: =OFFSET(Grading!H11, Grading!$AS$10,0) -> 0
A20: Reflections (Artefacts 1b, 2d, 3, and 4) | B20: The writer has carefully considered and deepy engaged with the topic. | C20: =OFFSET(Grading!H12, Grading!$AS$10,0) -> 0
B21: The writer has identified and described one specific situation. | C21: =OFFSET(Grading!H13, Grading!$AS$10,0) -> 0
B22: The writer has analyzed this specific situation. | C22: =OFFSET(Grading!H14, Grading!$AS$10,0) -> 0
B23: The writer relates different learning experiences, for example the current experience to an earlier one. | C23: =OFFSET(Grading!H15, Grading!$AS$10,0) -> 0
B24: The writer questions previously held assumptions, biases, or stereotypes. | C24: =OFFSET(Grading!H16, Grading!$AS$10,0) -> 0
B25: The writer has gained valuable new insignts. | C25: =OFFSET(Grading!H17, Grading!$AS$10,0) -> 0
B26: Based on these insights, the writer discusses implications for future actions, thinking, and learning. | C26: =OFFSET(Grading!H18, Grading!$AS$10,0) -> 0
A27: Response Paper (Artefact 2a-c) | B27: The writer identifies the main thesis and key arguments of the text. | C27: =OFFSET(Grading!H19, Grading!$AS$10,0) -> 0
B28: The writer elaborates on these main points and provides references to the text. | C28: =OFFSET(Grading!H20, Grading!$AS$10,0) -> 0
B29: The writer contextualizes these points by also drawing on high-quality sources. | C29: =OFFSET(Grading!H21, Grading!$AS$10,0) -> 0
B30: The writer considers relevant contextual information, for example historical context, audience, or intellectual tradition. | C30: =OFFSET(Grading!H22, Grading!$AS$10,0) -> 0
B31: The writer positions themselves vis-a-vis the text and, perhaps, in the debate to which the text contributes. | C31: =OFFSET(Grading!H23, Grading!$AS$10,0) -> 0
B32: The writer supports this position with reasonable arguments. | C32: =OFFSET(Grading!H24, Grading!$AS$10,0) -> 0
B33: The writer's diction, tone, and style is appropriate for an academic audience. | C33: =OFFSET(Grading!H25, Grading!$AS$10,0) -> 0
A34: Entire Portfolio | B34: It is easy to read the text and to understand the writer's reasoning and position. | C34: =OFFSET(Grading!H26, Grading!$AS$10,0) -> 0
B35: The writer has carefully marked references to other texts as such and clearly attributed ideas to others. It is always obvious who is "speaking" and whose positions--the writer's, those of others--are discussed in the artifact. | C35: =OFFSET(Grading!H27, Grading!$AS$10,0) -> 0
B36: References to other sources are formatted correctly and consistently; full bibliographic information is provided in the list of works cited. | C36: =OFFSET(Grading!H28, Grading!$AS$10,0) -> 0
B37: The writer has structured the content and organized paragraphs in line with readers' expectations. | C37: =OFFSET(Grading!H29, Grading!$AS$10,0) -> 0
B38: The texts are mostly correct in terms of spelling, punctuation, and grammar. | C38: =OFFSET(Grading!H30, Grading!$AS$10,0) -> 0

Sheet Stud6
A1: Instructor | B1: =Course!B3 -> 0
A2: Title | B2: =Course!B4 -> 0
A3: Course Number | B3: =Course!B5 -> 0
A5: Last Name | B5: =OFFSET(Grading!I7, Grading!$AS$10,0) -> 0
A6: First Name | B6: =OFFSET(Grading!I8, Grading!$AS$10,0) -> 0
A8: Grading Rubric
A9: max. total points per item: 5
A10: max. total points: 100
B11: 4–5 = criterion fully met
B12: 2–3 = criterion met for the most part
B13: 1 = criterion met to some extent
B14: 0 = criterion not met
B15: Total Score | C15: =OFFSET(Grading!I32, Grading!$AS$10,0) -> 0
A17: Artefact | B17: Items | C17: Points
A19: Research Question (Artefact 1a) | B19: The research question is precise and related to a specific topic. | C19: =OFFSET(Grading!I11, Grading!$AS$10,0) -> 0
A20: Reflections (Artefacts 1b, 2d, 3, and 4) | B20: The writer has carefully considered and deepy engaged with the topic. | C20: =OFFSET(Grading!I12, Grading!$AS$10,0) -> 0
B21: The writer has identified and described one specific situation. | C21: =OFFSET(Grading!I13, Grading!$AS$10,0) -> 0
B22: The writer has analyzed this specific situation. | C22: =OFFSET(Grading!I14, Grading!$AS$10,0) -> 0
B23: The writer relates different learning experiences, for example the current experience to an earlier one. | C23: =OFFSET(Grading!I15, Grading!$AS$10,0) -> 0
B24: The writer questions previously held assumptions, biases, or stereotypes. | C24: =OFFSET(Grading!I16, Grading!$AS$10,0) -> 0
B25: The writer has gained valuable new insignts. | C25: =OFFSET(Grading!I17, Grading!$AS$10,0) -> 0
B26: Based on these insights, the writer discusses implications for future actions, thinking, and learning. | C26: =OFFSET(Grading!I18, Grading!$AS$10,0) -> 0
A27: Response Paper (Artefact 2a-c) | B27: The writer identifies the main thesis and key arguments of the text. | C27: =OFFSET(Grading!I19, Grading!$AS$10,0) -> 0
B28: The writer elaborates on these main points and provides references to the text. | C28: =OFFSET(Grading!I20, Grading!$AS$10,0) -> 0
B29: The writer contextualizes these points by also drawing on high-quality sources. | C29: =OFFSET(Grading!I21, Grading!$AS$10,0) -> 0
B30: The writer considers relevant contextual information, for example historical context, audience, or intellectual tradition. | C30: =OFFSET(Grading!I22, Grading!$AS$10,0) -> 0
B31: The writer positions themselves vis-a-vis the text and, perhaps, in the debate to which the text contributes. | C31: =OFFSET(Grading!I23, Grading!$AS$10,0) -> 0
B32: The writer supports this position with reasonable arguments. | C32: =OFFSET(Grading!I24, Grading!$AS$10,0) -> 0
B33: The writer's diction, tone, and style is appropriate for an academic audience. | C33: =OFFSET(Grading!I25, Grading!$AS$10,0) -> 0
A34: Entire Portfolio | B34: It is easy to read the text and to understand the writer's reasoning and position. | C34: =OFFSET(Grading!I26, Grading!$AS$10,0) -> 0
B35: The writer has carefully marked references to other texts as such and clearly attributed ideas to others. It is always obvious who is "speaking" and whose positions--the writer's, those of others--are discussed in the artifact. | C35: =OFFSET(Grading!I27, Grading!$AS$10,0) -> 0
B36: References to other sources are formatted correctly and consistently; full bibliographic information is provided in the list of works cited. | C36: =OFFSET(Grading!I28, Grading!$AS$10,0) -> 0
B37: The writer has structured the content and organized paragraphs in line with readers' expectations. | C37: =OFFSET(Grading!I29, Grading!$AS$10,0) -> 0
B38: The texts are mostly correct in terms of spelling, punctuation, and grammar. | C38: =OFFSET(Grading!I30, Grading!$AS$10,0) -> 0

Sheet Stud7
A1: Instructor | B1: =Course!B3 -> 0
A2: Title | B2: =Course!B4 -> 0
A3: Course Number | B3: =Course!B5 -> 0
A5: Last Name | B5: =OFFSET(Grading!J7, Grading!$AS$10,0) -> 0
A6: First Name | B6: =OFFSET(Grading!J8, Grading!$AS$10,0) -> 0
A8: Grading Rubric
A9: max. total points per item: 5
A10: max. total points: 100
B11: 4–5 = criterion fully met
B12: 2–3 = criterion met for the most part
B13: 1 = criterion met to some extent
B14: 0 = criterion not met
B15: Total Score | C15: =OFFSET(Grading!J32, Grading!$AS$10,0) -> 0
A17: Artefact | B17: Items | C17: Points
A19: Research Question (Artefact 1a) | B19: The research question is precise and related to a specific topic. | C19: =OFFSET(Grading!J11, Grading!$AS$10,0) -> 0
A20: Reflections (Artefacts 1b, 2d, 3, and 4) | B20: The writer has carefully considered and deepy engaged with the topic. | C20: =OFFSET(Grading!J12, Grading!$AS$10,0) -> 0
B21: The writer has identified and described one specific situation. | C21: =OFFSET(Grading!J13, Grading!$AS$10,0) -> 0
B22: The writer has analyzed this specific situation. | C22: =OFFSET(Grading!J14, Grading!$AS$10,0) -> 0
B23: The writer relates different learning experiences, for example the current experience to an earlier one. | C23: =OFFSET(Grading!J15, Grading!$AS$10,0) -> 0
B24: The writer questions previously held assumptions, biases, or stereotypes. | C24: =OFFSET(Grading!J16, Grading!$AS$10,0) -> 0
B25: The writer has gained valuable new insignts. | C25: =OFFSET(Grading!J17, Grading!$AS$10,0) -> 0
B26: Based on these insights, the writer discusses implications for future actions, thinking, and learning. | C26: =OFFSET(Grading!J18, Grading!$AS$10,0) -> 0
A27: Response Paper (Artefact 2a-c) | B27: The writer identifies the main thesis and key arguments of the text. | C27: =OFFSET(Grading!J19, Grading!$AS$10,0) -> 0
B28: The writer elaborates on these main points and provides references to the text. | C28: =OFFSET(Grading!J20, Grading!$AS$10,0) -> 0
B29: The writer contextualizes these points by also drawing on high-quality sources. | C29: =OFFSET(Grading!J21, Grading!$AS$10,0) -> 0
B30: The writer considers relevant contextual information, for example historical context, audience, or intellectual tradition. | C30: =OFFSET(Grading!J22, Grading!$AS$10,0) -> 0
B31: The writer positions themselves vis-a-vis the text and, perhaps, in the debate to which the text contributes. | C31: =OFFSET(Grading!J23, Grading!$AS$10,0) -> 0
B32: The writer supports this position with reasonable arguments. | C32: =OFFSET(Grading!J24, Grading!$AS$10,0) -> 0
B33: The writer's diction, tone, and style is appropriate for an academic audience. | C33: =OFFSET(Grading!J25, Grading!$AS$10,0) -> 0
A34: Entire Portfolio | B34: It is easy to read the text and to understand the writer's reasoning and position. | C34: =OFFSET(Grading!J26, Grading!$AS$10,0) -> 0
B35: The writer has carefully marked references to other texts as such and clearly attributed ideas to others. It is always obvious who is "speaking" and whose positions--the writer's, those of others--are discussed in the artifact. | C35: =OFFSET(Grading!J27, Grading!$AS$10,0) -> 0
B36: References to other sources are formatted correctly and consistently; full bibliographic information is provided in the list of works cited. | C36: =OFFSET(Grading!J28, Grading!$AS$10,0) -> 0
B37: The writer has structured the content and organized paragraphs in line with readers' expectations. | C37: =OFFSET(Grading!J29, Grading!$AS$10,0) -> 0
B38: The texts are mostly correct in terms of spelling, punctuation, and grammar. | C38: =OFFSET(Grading!J30, Grading!$AS$10,0) -> 0

Sheet Stud8
A1: Instructor | B1: =Course!B3 -> 0
A2: Title | B2: =Course!B4 -> 0
A3: Course Number | B3: =Course!B5 -> 0
A5: Last Name | B5: =OFFSET(Grading!K7, Grading!$AS$10,0) -> 0
A6: First Name | B6: =OFFSET(Grading!K8, Grading!$AS$10,0) -> 0
A8: Grading Rubric
A9: max. total points per item: 5
A10: max. total points: 100
B11: 4–5 = criterion fully met
B12: 2–3 = criterion met for the most part
B13: 1 = criterion met to some extent
B14: 0 = criterion not met
B15: Total Score | C15: =OFFSET(Grading!K32, Grading!$AS$10,0) -> 0
A17: Artefact | B17: Items | C17: Points
A19: Research Question (Artefact 1a) | B19: The research question is precise and related to a specific topic. | C19: =OFFSET(Grading!K11, Grading!$AS$10,0) -> 0
A20: Reflections (Artefacts 1b, 2d, 3, and 4) | B20: The writer has carefully considered and deepy engaged with the topic. | C20: =OFFSET(Grading!K12, Grading!$AS$10,0) -> 0
B21: The writer has identified and described one specific situation. | C21: =OFFSET(Grading!K13, Grading!$AS$10,0) -> 0
B22: The writer has analyzed this specific situation. | C22: =OFFSET(Grading!K14, Grading!$AS$10,0) -> 0
B23: The writer relates different learning experiences, for example the current experience to an earlier one. | C23: =OFFSET(Grading!K15, Grading!$AS$10,0) -> 0
B24: The writer questions previously held assumptions, biases, or stereotypes. | C24: =OFFSET(Grading!K16, Grading!$AS$10,0) -> 0
B25: The writer has gained valuable new insignts. | C25: =OFFSET(Grading!K17, Grading!$AS$10,0) -> 0
B26: Based on these insights, the writer discusses implications for future actions, thinking, and learning. | C26: =OFFSET(Grading!K18, Grading!$AS$10,0) -> 0
A27: Response Paper (Artefact 2a-c) | B27: The writer identifies the main thesis and key arguments of the text. | C27: =OFFSET(Grading!K19, Grading!$AS$10,0) -> 0
B28: The writer elaborates on these main points and provides references to the text. | C28: =OFFSET(Grading!K20, Grading!$AS$10,0) -> 0
B29: The writer contextualizes these points by also drawing on high-quality sources. | C29: =OFFSET(Grading!K21, Grading!$AS$10,0) -> 0
B30: The writer considers relevant contextual information, for example historical context, audience, or intellectual tradition. | C30: =OFFSET(Grading!K22, Grading!$AS$10,0) -> 0
B31: The writer positions themselves vis-a-vis the text and, perhaps, in the debate to which the text contributes. | C31: =OFFSET(Grading!K23, Grading!$AS$10,0) -> 0
B32: The writer supports this position with reasonable arguments. | C32: =OFFSET(Grading!K24, Grading!$AS$10,0) -> 0
B33: The writer's diction, tone, and style is appropriate for an academic audience. | C33: =OFFSET(Grading!K25, Grading!$AS$10,0) -> 0
A34: Entire Portfolio | B34: It is easy to read the text and to understand the writer's reasoning and position. | C34: =OFFSET(Grading!K26, Grading!$AS$10,0) -> 0
B35: The writer has carefully marked references to other texts as such and clearly attributed ideas to others. It is always obvious who is "speaking" and whose positions--the writer's, those of others--are discussed in the artifact. | C35: =OFFSET(Grading!K27, Grading!$AS$10,0) -> 0
B36: References to other sources are formatted correctly and consistently; full bibliographic information is provided in the list of works cited. | C36: =OFFSET(Grading!K28, Grading!$AS$10,0) -> 0
B37: The writer has structured the content and organized paragraphs in line with readers' expectations. | C37: =OFFSET(Grading!K29, Grading!$AS$10,0) -> 0
B38: The texts are mostly correct in terms of spelling, punctuation, and grammar. | C38: =OFFSET(Grading!K30, Grading!$AS$10,0) -> 0

Sheet Stud9
A1: Instructor | B1: =Course!B3 -> 0
A2: Title | B2: =Course!B4 -> 0
A3: Course Number | B3: =Course!B5 -> 0
A5: Last Name | B5: =OFFSET(Grading!L7, Grading!$AS$10,0) -> 0
A6: First Name | B6: =OFFSET(Grading!L8, Grading!$AS$10,0) -> 0
A8: Grading Rubric
A9: max. total points per item: 5
A10: max. total points: 100
B11: 4–5 = criterion fully met
B12: 2–3 = criterion met for the most part
B13: 1 = criterion met to some extent
B14: 0 = criterion not met
B15: Total Score | C15: =OFFSET(Grading!L32, Grading!$AS$10,0) -> 0
A17: Artefact | B17: Items | C17: Points
A19: Research Question (Artefact 1a) | B19: The research question is precise and related to a specific topic. | C19: =OFFSET(Grading!L11, Grading!$AS$10,0) -> 0
A20: Reflections (Artefacts 1b, 2d, 3, and 4) | B20: The writer has carefully considered and deepy engaged with the topic. | C20: =OFFSET(Grading!L12, Grading!$AS$10,0) -> 0
B21: The writer has identified and described one specific situation. | C21: =OFFSET(Grading!L13, Grading!$AS$10,0) -> 0
B22: The writer has analyzed this specific situation. | C22: =OFFSET(Grading!L14, Grading!$AS$10,0) -> 0
B23: The writer relates different learning experiences, for example the current experience to an earlier one. | C23: =OFFSET(Grading!L15, Grading!$AS$10,0) -> 0
B24: The writer questions previously held assumptions, biases, or stereotypes. | C24: =OFFSET(Grading!L16, Grading!$AS$10,0) -> 0
B25: The writer has gained valuable new insignts. | C25: =OFFSET(Grading!L17, Grading!$AS$10,0) -> 0
B26: Based on these insights, the writer discusses implications for future actions, thinking, and learning. | C26: =OFFSET(Grading!L18, Grading!$AS$10,0) -> 0
A27: Response Paper (Artefact 2a-c) | B27: The writer identifies the main thesis and key arguments of the text. | C27: =OFFSET(Grading!L19, Grading!$AS$10,0) -> 0
B28: The writer elaborates on these main points and provides references to the text. | C28: =OFFSET(Grading!L20, Grading!$AS$10,0) -> 0
B29: The writer contextualizes these points by also drawing on high-quality sources. | C29: =OFFSET(Grading!L21, Grading!$AS$10,0) -> 0
B30: The writer considers relevant contextual information, for example historical context, audience, or intellectual tradition. | C30: =OFFSET(Grading!L22, Grading!$AS$10,0) -> 0
B31: The writer positions themselves vis-a-vis the text and, perhaps, in the debate to which the text contributes. | C31: =OFFSET(Grading!L23, Grading!$AS$10,0) -> 0
B32: The writer supports this position with reasonable arguments. | C32: =OFFSET(Grading!L24, Grading!$AS$10,0) -> 0
B33: The writer's diction, tone, and style is appropriate for an academic audience. | C33: =OFFSET(Grading!L25, Grading!$AS$10,0) -> 0
A34: Entire Portfolio | B34: It is easy to read the text and to understand the writer's reasoning and position. | C34: =OFFSET(Grading!L26, Grading!$AS$10,0) -> 0
B35: The writer has carefully marked references to other texts as such and clearly attributed ideas to others. It is always obvious who is "speaking" and whose positions--the writer's, those of others--are discussed in the artifact. | C35: =OFFSET(Grading!L27, Grading!$AS$10,0) -> 0
B36: References to other sources are formatted correctly and consistently; full bibliographic information is provided in the list of works cited. | C36: =OFFSET(Grading!L28, Grading!$AS$10,0) -> 0
B37: The writer has structured the content and organized paragraphs in line with readers' expectations. | C37: =OFFSET(Grading!L29, Grading!$AS$10,0) -> 0
B38: The texts are mostly correct in terms of spelling, punctuation, and grammar. | C38: =OFFSET(Grading!L30, Grading!$AS$10,0) -> 0

Sheet Stud10
A1: Instructor | B1: =Course!B3 -> 0
A2: Title | B2: =Course!B4 -> 0
A3: Course Number | B3: =Course!B5 -> 0
A5: Last Name | B5: =OFFSET(Grading!M7, Grading!$AS$10,0) -> 0
A6: First Name | B6: =OFFSET(Grading!M8, Grading!$AS$10,0) -> 0
A8: Grading Rubric
A9: max. total points per item: 5
A10: max. total points: 100
B11: 4–5 = criterion fully met
B12: 2–3 = criterion met for the most part
B13: 1 = criterion met to some extent
B14: 0 = criterion not met
B15: Total Score | C15: =OFFSET(Grading!M32, Grading!$AS$10,0) -> 0
A17: Artefact | B17: Items | C17: Points
A19: Research Question (Artefact 1a) | B19: The research question is precise and related to a specific topic. | C19: =OFFSET(Grading!M11, Grading!$AS$10,0) -> 0
A20: Reflections (Artefacts 1b, 2d, 3, and 4) | B20: The writer has carefully considered and deepy engaged with the topic. | C20: =OFFSET(Grading!M12, Grading!$AS$10,0) -> 0
B21: The writer has identified and described one specific situation. | C21: =OFFSET(Grading!M13, Grading!$AS$10,0) -> 0
B22: The writer has analyzed this specific situation. | C22: =OFFSET(Grading!M14, Grading!$AS$10,0) -> 0
B23: The writer relates different learning experiences, for example the current experience to an earlier one. | C23: =OFFSET(Grading!M15, Grading!$AS$10,0) -> 0
B24: The writer questions previously held assumptions, biases, or stereotypes. | C24: =OFFSET(Grading!M16, Grading!$AS$10,0) -> 0
B25: The writer has gained valuable new insignts. | C25: =OFFSET(Grading!M17, Grading!$AS$10,0) -> 0
B26: Based on these insights, the writer discusses implications for future actions, thinking, and learning. | C26: =OFFSET(Grading!M18, Grading!$AS$10,0) -> 0
A27: Response Paper (Artefact 2a-c) | B27: The writer identifies the main thesis and key arguments of the text. | C27: =OFFSET(Grading!M19, Grading!$AS$10,0) -> 0
B28: The writer elaborates on these main points and provides references to the text. | C28: =OFFSET(Grading!M20, Grading!$AS$10,0) -> 0
B29: The writer contextualizes these points by also drawing on high-quality sources. | C29: =OFFSET(Grading!M21, Grading!$AS$10,0) -> 0
B30: The writer considers relevant contextual information, for example historical context, audience, or intellectual tradition. | C30: =OFFSET(Grading!M22, Grading!$AS$10,0) -> 0
B31: The writer positions themselves vis-a-vis the text and, perhaps, in the debate to which the text contributes. | C31: =OFFSET(Grading!M23, Grading!$AS$10,0) -> 0
B32: The writer supports this position with reasonable arguments. | C32: =OFFSET(Grading!M24, Grading!$AS$10,0) -> 0
B33: The writer's diction, tone, and style is appropriate for an academic audience. | C33: =OFFSET(Grading!M25, Grading!$AS$10,0) -> 0
A34: Entire Portfolio | B34: It is easy to read the text and to understand the writer's reasoning and position. | C34: =OFFSET(Grading!M26, Grading!$AS$10,0) -> 0
B35: The writer has carefully marked references to other texts as such and clearly attributed ideas to others. It is always obvious who is "speaking" and whose positions--the writer's, those of others--are discussed in the artifact. | C35: =OFFSET(Grading!M27, Grading!$AS$10,0) -> 0
B36: References to other sources are formatted correctly and consistently; full bibliographic information is provided in the list of works cited. | C36: =OFFSET(Grading!M28, Grading!$AS$10,0) -> 0
B37: The writer has structured the content and organized paragraphs in line with readers' expectations. | C37: =OFFSET(Grading!M29, Grading!$AS$10,0) -> 0
B38: The texts are mostly correct in terms of spelling, punctuation, and grammar. | C38: =OFFSET(Grading!M30, Grading!$AS$10,0) -> 0

Sheet Stud11
A1: Instructor | B1: =Course!B3 -> 0
A2: Title | B2: =Course!B4 -> 0
A3: Course Number | B3: =Course!B5 -> 0
A5: Last Name | B5: =OFFSET(Grading!N7, Grading!$AS$10,0) -> 0
A6: First Name | B6: =OFFSET(Grading!N8, Grading!$AS$10,0) -> 0
A8: Grading Rubric
A9: max. total points per item: 5
A10: max. total points: 100
B11: 4–5 = criterion fully met
B12: 2–3 = criterion met for the most part
B13: 1 = criterion met to some extent
B14: 0 = criterion not met
B15: Total Score | C15: =OFFSET(Grading!N32, Grading!$AS$10,0) -> 0
A17: Artefact | B17: Items | C17: Points
A19: Research Question (Artefact 1a) | B19: The research question is precise and related to a specific topic. | C19: =OFFSET(Grading!N11, Grading!$AS$10,0) -> 0
A20: Reflections (Artefacts 1b, 2d, 3, and 4) | B20: The writer has carefully considered and deepy engaged with the topic. | C20: =OFFSET(Grading!N12, Grading!$AS$10,0) -> 0
B21: The writer has identified and described one specific situation. | C21: =OFFSET(Grading!N13, Grading!$AS$10,0) -> 0
B22: The writer has analyzed this specific situation. | C22: =OFFSET(Grading!N14, Grading!$AS$10,0) -> 0
B23: The writer relates different learning experiences, for example the current experience to an earlier one. | C23: =OFFSET(Grading!N15, Grading!$AS$10,0) -> 0
B24: The writer questions previously held assumptions, biases, or stereotypes. | C24: =OFFSET(Grading!N16, Grading!$AS$10,0) -> 0
B25: The writer has gained valuable new insignts. | C25: =OFFSET(Grading!N17, Grading!$AS$10,0) -> 0
B26: Based on these insights, the writer discusses implications for future actions, thinking, and learning. | C26: =OFFSET(Grading!N18, Grading!$AS$10,0) -> 0
A27: Response Paper (Artefact 2a-c) | B27: The writer identifies the main thesis and key arguments of the text. | C27: =OFFSET(Grading!N19, Grading!$AS$10,0) -> 0
B28: The writer elaborates on these main points and provides references to the text. | C28: =OFFSET(Grading!N20, Grading!$AS$10,0) -> 0
B29: The writer contextualizes these points by also drawing on high-quality sources. | C29: =OFFSET(Grading!N21, Grading!$AS$10,0) -> 0
B30: The writer considers relevant contextual information, for example historical context, audience, or intellectual tradition. | C30: =OFFSET(Grading!N22, Grading!$AS$10,0) -> 0
B31: The writer positions themselves vis-a-vis the text and, perhaps, in the debate to which the text contributes. | C31: =OFFSET(Grading!N23, Grading!$AS$10,0) -> 0
B32: The writer supports this position with reasonable arguments. | C32: =OFFSET(Grading!N24, Grading!$AS$10,0) -> 0
B33: The writer's diction, tone, and style is appropriate for an academic audience. | C33: =OFFSET(Grading!N25, Grading!$AS$10,0) -> 0
A34: Entire Portfolio | B34: It is easy to read the text and to understand the writer's reasoning and position. | C34: =OFFSET(Grading!N26, Grading!$AS$10,0) -> 0
B35: The writer has carefully marked references to other texts as such and clearly attributed ideas to others. It is always obvious who is "speaking" and whose positions--the writer's, those of others--are discussed in the artifact. | C35: =OFFSET(Grading!N27, Grading!$AS$10,0) -> 0
B36: References to other sources are formatted correctly and consistently; full bibliographic information is provided in the list of works cited. | C36: =OFFSET(Grading!N28, Grading!$AS$10,0) -> 0
B37: The writer has structured the content and organized paragraphs in line with readers' expectations. | C37: =OFFSET(Grading!N29, Grading!$AS$10,0) -> 0
B38: The texts are mostly correct in terms of spelling, punctuation, and grammar. | C38: =OFFSET(Grading!N30, Grading!$AS$10,0) -> 0

Sheet Stud12
A1: Instructor | B1: =Course!B3 -> 0
A2: Title | B2: =Course!B4 -> 0
A3: Course Number | B3: =Course!B5 -> 0
A5: Last Name | B5: =OFFSET(Grading!O7, Grading!$AS$10,0) -> 0
A6: First Name | B6: =OFFSET(Grading!O8, Grading!$AS$10,0) -> 0
A8: Grading Rubric
A9: max. total points per item: 5
A10: max. total points: 100
B11: 4–5 = criterion fully met
B12: 2–3 = criterion met for the most part
B13: 1 = criterion met to some extent
B14: 0 = criterion not met
B15: Total Score | C15: =OFFSET(Grading!O32, Grading!$AS$10,0) -> 0
A17: Artefact | B17: Items | C17: Points
A19: Research Question (Artefact 1a) | B19: The research question is precise and related to a specific topic. | C19: =OFFSET(Grading!O11, Grading!$AS$10,0) -> 0
A20: Reflections (Artefacts 1b, 2d, 3, and 4) | B20: The writer has carefully considered and deepy engaged with the topic. | C20: =OFFSET(Grading!O12, Grading!$AS$10,0) -> 0
B21: The writer has identified and described one specific situation. | C21: =OFFSET(Grading!O13, Grading!$AS$10,0) -> 0
B22: The writer has analyzed this specific situation. | C22: =OFFSET(Grading!O14, Grading!$AS$10,0) -> 0
B23: The writer relates different learning experiences, for example the current experience to an earlier one. | C23: =OFFSET(Grading!O15, Grading!$AS$10,0) -> 0
B24: The writer questions previously held assumptions, biases, or stereotypes. | C24: =OFFSET(Grading!O16, Grading!$AS$10,0) -> 0
B25: The writer has gained valuable new insignts. | C25: =OFFSET(Grading!O17, Grading!$AS$10,0) -> 0
B26: Based on these insights, the writer discusses implications for future actions, thinking, and learning. | C26: =OFFSET(Grading!O18, Grading!$AS$10,0) -> 0
A27: Response Paper (Artefact 2a-c) | B27: The writer identifies the main thesis and key arguments of the text. | C27: =OFFSET(Grading!O19, Grading!$AS$10,0) -> 0
B28: The writer elaborates on these main points and provides references to the text. | C28: =OFFSET(Grading!O20, Grading!$AS$10,0) -> 0
B29: The writer contextualizes these points by also drawing on high-quality sources. | C29: =OFFSET(Grading!O21, Grading!$AS$10,0) -> 0
B30: The writer considers relevant contextual information, for example historical context, audience, or intellectual tradition. | C30: =OFFSET(Grading!O22, Grading!$AS$10,0) -> 0
B31: The writer positions themselves vis-a-vis the text and, perhaps, in the debate to which the text contributes. | C31: =OFFSET(Grading!O23, Grading!$AS$10,0) -> 0
B32: The writer supports this position with reasonable arguments. | C32: =OFFSET(Grading!O24, Grading!$AS$10,0) -> 0
B33: The writer's diction, tone, and style is appropriate for an academic audience. | C33: =OFFSET(Grading!O25, Grading!$AS$10,0) -> 0
A34: Entire Portfolio | B34: It is easy to read the text and to understand the writer's reasoning and position. | C34: =OFFSET(Grading!O26, Grading!$AS$10,0) -> 0
B35: The writer has carefully marked references to other texts as such and clearly attributed ideas to others. It is always obvious who is "speaking" and whose positions--the writer's, those of others--are discussed in the artifact. | C35: =OFFSET(Grading!O27, Grading!$AS$10,0) -> 0
B36: References to other sources are formatted correctly and consistently; full bibliographic information is provided in the list of works cited. | C36: =OFFSET(Grading!O28, Grading!$AS$10,0) -> 0
B37: The writer has structured the content and organized paragraphs in line with readers' expectations. | C37: =OFFSET(Grading!O29, Grading!$AS$10,0) -> 0
B38: The texts are mostly correct in terms of spelling, punctuation, and grammar. | C38: =OFFSET(Grading!O30, Grading!$AS$10,0) -> 0

Sheet Stud13
A1: Instructor | B1: =Course!B3 -> 0
A2: Title | B2: =Course!B4 -> 0
A3: Course Number | B3: =Course!B5 -> 0
A5: Last Name | B5: =OFFSET(Grading!P7, Grading!$AS$10,0) -> 0
A6: First Name | B6: =OFFSET(Grading!P8, Grading!$AS$10,0) -> 0
A8: Grading Rubric
A9: max. total points per item: 5
A10: max. total points: 100
B11: 4–5 = criterion fully met
B12: 2–3 = criterion met for the most part
B13: 1 = criterion met to some extent
B14: 0 = criterion not met
B15: Total Score | C15: =OFFSET(Grading!P32, Grading!$AS$10,0) -> 0
A17: Artefact | B17: Items | C17: Points
A19: Research Question (Artefact 1a) | B19: The research question is precise and related to a specific topic. | C19: =OFFSET(Grading!P11, Grading!$AS$10,0) -> 0
A20: Reflections (Artefacts 1b, 2d, 3, and 4) | B20: The writer has carefully considered and deepy engaged with the topic. | C20: =OFFSET(Grading!P12, Grading!$AS$10,0) -> 0
B21: The writer has identified and described one specific situation. | C21: =OFFSET(Grading!P13, Grading!$AS$10,0) -> 0
B22: The writer has analyzed this specific situation. | C22: =OFFSET(Grading!P14, Grading!$AS$10,0) -> 0
B23: The writer relates different learning experiences, for example the current experience to an earlier one. | C23: =OFFSET(Grading!P15, Grading!$AS$10,0) -> 0
B24: The writer questions previously held assumptions, biases, or stereotypes. | C24: =OFFSET(Grading!P16, Grading!$AS$10,0) -> 0
B25: The writer has gained valuable new insignts. | C25: =OFFSET(Grading!P17, Grading!$AS$10,0) -> 0
B26: Based on these insights, the writer discusses implications for future actions, thinking, and learning. | C26: =OFFSET(Grading!P18, Grading!$AS$10,0) -> 0
A27: Response Paper (Artefact 2a-c) | B27: The writer identifies the main thesis and key arguments of the text. | C27: =OFFSET(Grading!P19, Grading!$AS$10,0) -> 0
B28: The writer elaborates on these main points and provides references to the text. | C28: =OFFSET(Grading!P20, Grading!$AS$10,0) -> 0
B29: The writer contextualizes these points by also drawing on high-quality sources. | C29: =OFFSET(Grading!P21, Grading!$AS$10,0) -> 0
B30: The writer considers relevant contextual information, for example historical context, audience, or intellectual tradition. | C30: =OFFSET(Grading!P22, Grading!$AS$10,0) -> 0
B31: The writer positions themselves vis-a-vis the text and, perhaps, in the debate to which the text contributes. | C31: =OFFSET(Grading!P23, Grading!$AS$10,0) -> 0
B32: The writer supports this position with reasonable arguments. | C32: =OFFSET(Grading!P24, Grading!$AS$10,0) -> 0
B33: The writer's diction, tone, and style is appropriate for an academic audience. | C33: =OFFSET(Grading!P25, Grading!$AS$10,0) -> 0
A34: Entire Portfolio | B34: It is easy to read the text and to understand the writer's reasoning and position. | C34: =OFFSET(Grading!P26, Grading!$AS$10,0) -> 0
B35: The writer has carefully marked references to other texts as such and clearly attributed ideas to others. It is always obvious who is "speaking" and whose positions--the writer's, those of others--are discussed in the artifact. | C35: =OFFSET(Grading!P27, Grading!$AS$10,0) -> 0
B36: References to other sources are formatted correctly and consistently; full bibliographic information is provided in the list of works cited. | C36: =OFFSET(Grading!P28, Grading!$AS$10,0) -> 0
B37: The writer has structured the content and organized paragraphs in line with readers' expectations. | C37: =OFFSET(Grading!P29, Grading!$AS$10,0) -> 0
B38: The texts are mostly correct in terms of spelling, punctuation, and grammar. | C38: =OFFSET(Grading!P30, Grading!$AS$10,0) -> 0

Sheet Stud14
A1: Instructor | B1: =Course!B3 -> 0
A2: Title | B2: =Course!B4 -> 0
A3: Course Number | B3: =Course!B5 -> 0
A5: Last Name | B5: =OFFSET(Grading!Q7, Grading!$AS$10,0) -> 0
A6: First Name | B6: =OFFSET(Grading!Q8, Grading!$AS$10,0) -> 0
A8: Grading Rubric
A9: max. total points per item: 5
A10: max. total points: 100
B11: 4–5 = criterion fully met
B12: 2–3 = criterion met for the most part
B13: 1 = criterion met to some extent
B14: 0 = criterion not met
B15: Total Score | C15: =OFFSET(Grading!Q32, Grading!$AS$10,0) -> 0
A17: Artefact | B17: Items | C17: Points
A19: Research Question (Artefact 1a) | B19: The research question is precise and related to a specific topic. | C19: =OFFSET(Grading!Q11, Grading!$AS$10,0) -> 0
A20: Reflections (Artefacts 1b, 2d, 3, and 4) | B20: The writer has carefully considered and deepy engaged with the topic. | C20: =OFFSET(Grading!Q12, Grading!$AS$10,0) -> 0
B21: The writer has identified and described one specific situation. | C21: =OFFSET(Grading!Q13, Grading!$AS$10,0) -> 0
B22: The writer has analyzed this specific situation. | C22: =OFFSET(Grading!Q14, Grading!$AS$10,0) -> 0
B23: The writer relates different learning experiences, for example the current experience to an earlier one. | C23: =OFFSET(Grading!Q15, Grading!$AS$10,0) -> 0
B24: The writer questions previously held assumptions, biases, or stereotypes. | C24: =OFFSET(Grading!Q16, Grading!$AS$10,0) -> 0
B25: The writer has gained valuable new insignts. | C25: =OFFSET(Grading!Q17, Grading!$AS$10,0) -> 0
B26: Based on these insights, the writer discusses implications for future actions, thinking, and learning. | C26: =OFFSET(Grading!Q18, Grading!$AS$10,0) -> 0
A27: Response Paper (Artefact 2a-c) | B27: The writer identifies the main thesis and key arguments of the text. | C27: =OFFSET(Grading!Q19, Grading!$AS$10,0) -> 0
B28: The writer elaborates on these main points and provides references to the text. | C28: =OFFSET(Grading!Q20, Grading!$AS$10,0) -> 0
B29: The writer contextualizes these points by also drawing on high-quality sources. | C29: =OFFSET(Grading!Q21, Grading!$AS$10,0) -> 0
B30: The writer considers relevant contextual information, for example historical context, audience, or intellectual tradition. | C30: =OFFSET(Grading!Q22, Grading!$AS$10,0) -> 0
B31: The writer positions themselves vis-a-vis the text and, perhaps, in the debate to which the text contributes. | C31: =OFFSET(Grading!Q23, Grading!$AS$10,0) -> 0
B32: The writer supports this position with reasonable arguments. | C32: =OFFSET(Grading!Q24, Grading!$AS$10,0) -> 0
B33: The writer's diction, tone, and style is appropriate for an academic audience. | C33: =OFFSET(Grading!Q25, Grading!$AS$10,0) -> 0
A34: Entire Portfolio | B34: It is easy to read the text and to understand the writer's reasoning and position. | C34: =OFFSET(Grading!Q26, Grading!$AS$10,0) -> 0
B35: The writer has carefully marked references to other texts as such and clearly attributed ideas to others. It is always obvious who is "speaking" and whose positions--the writer's, those of others--are discussed in the artifact. | C35: =OFFSET(Grading!Q27, Grading!$AS$10,0) -> 0
B36: References to other sources are formatted correctly and consistently; full bibliographic information is provided in the list of works cited. | C36: =OFFSET(Grading!Q28, Grading!$AS$10,0) -> 0
B37: The writer has structured the content and organized paragraphs in line with readers' expectations. | C37: =OFFSET(Grading!Q29, Grading!$AS$10,0) -> 0
B38: The texts are mostly correct in terms of spelling, punctuation, and grammar. | C38: =OFFSET(Grading!Q30, Grading!$AS$10,0) -> 0

Sheet Stud15
A1: Instructor | B1: =Course!B3 -> 0
A2: Title | B2: =Course!B4 -> 0
A3: Course Number | B3: =Course!B5 -> 0
A5: Last Name | B5: =OFFSET(Grading!R7, Grading!$AS$10,0) -> 0
A6: First Name | B6: =OFFSET(Grading!R8, Grading!$AS$10,0) -> 0
A8: Grading Rubric
A9: max. total points per item: 5
A10: max. total points: 100
B11: 4–5 = criterion fully met
B12: 2–3 = criterion met for the most part
B13: 1 = criterion met to some extent
B14: 0 = criterion not met
B15: Total Score | C15: =OFFSET(Grading!R32, Grading!$AS$10,0) -> 0
A17: Artefact | B17: Items | C17: Points
A19: Research Question (Artefact 1a) | B19: The research question is precise and related to a specific topic. | C19: =OFFSET(Grading!R11, Grading!$AS$10,0) -> 0
A20: Reflections (Artefacts 1b, 2d, 3, and 4) | B20: The writer has carefully considered and deepy engaged with the topic. | C20: =OFFSET(Grading!R12, Grading!$AS$10,0) -> 0
B21: The writer has identified and described one specific situation. | C21: =OFFSET(Grading!R13, Grading!$AS$10,0) -> 0
B22: The writer has analyzed this specific situation. | C22: =OFFSET(Grading!R14, Grading!$AS$10,0) -> 0
B23: The writer relates different learning experiences, for example the current experience to an earlier one. | C23: =OFFSET(Grading!R15, Grading!$AS$10,0) -> 0
B24: The writer questions previously held assumptions, biases, or stereotypes. | C24: =OFFSET(Grading!R16, Grading!$AS$10,0) -> 0
B25: The writer has gained valuable new insignts. | C25: =OFFSET(Grading!R17, Grading!$AS$10,0) -> 0
B26: Based on these insights, the writer discusses implications for future actions, thinking, and learning. | C26: =OFFSET(Grading!R18, Grading!$AS$10,0) -> 0
A27: Response Paper (Artefact 2a-c) | B27: The writer identifies the main thesis and key arguments of the text. | C27: =OFFSET(Grading!R19, Grading!$AS$10,0) -> 0
B28: The writer elaborates on these main points and provides references to the text. | C28: =OFFSET(Grading!R20, Grading!$AS$10,0) -> 0
B29: The writer contextualizes these points by also drawing on high-quality sources. | C29: =OFFSET(Grading!R21, Grading!$AS$10,0) -> 0
B30: The writer considers relevant contextual information, for example historical context, audience, or intellectual tradition. | C30: =OFFSET(Grading!R22, Grading!$AS$10,0) -> 0
B31: The writer positions themselves vis-a-vis the text and, perhaps, in the debate to which the text contributes. | C31: =OFFSET(Grading!R23, Grading!$AS$10,0) -> 0
B32: The writer supports this position with reasonable arguments. | C32: =OFFSET(Grading!R24, Grading!$AS$10,0) -> 0
B33: The writer's diction, tone, and style is appropriate for an academic audience. | C33: =OFFSET(Grading!R25, Grading!$AS$10,0) -> 0
A34: Entire Portfolio | B34: It is easy to read the text and to understand the writer's reasoning and position. | C34: =OFFSET(Grading!R26, Grading!$AS$10,0) -> 0
B35: The writer has carefully marked references to other texts as such and clearly attributed ideas to others. It is always obvious who is "speaking" and whose positions--the writer's, those of others--are discussed in the artifact. | C35: =OFFSET(Grading!R27, Grading!$AS$10,0) -> 0
B36: References to other sources are formatted correctly and consistently; full bibliographic information is provided in the list of works cited. | C36: =OFFSET(Grading!R28, Grading!$AS$10,0) -> 0
B37: The writer has structured the content and organized paragraphs in line with readers' expectations. | C37: =OFFSET(Grading!R29, Grading!$AS$10,0) -> 0
B38: The texts are mostly correct in terms of spelling, punctuation, and grammar. | C38: =OFFSET(Grading!R30, Grading!$AS$10,0) -> 0

Sheet Stud16
A1: Instructor | B1: =Course!B3 -> 0
A2: Title | B2: =Course!B4 -> 0
A3: Course Number | B3: =Course!B5 -> 0
A5: Last Name | B5: =OFFSET(Grading!S7, Grading!$AS$10,0) -> 0
A6: First Name | B6: =OFFSET(Grading!S8, Grading!$AS$10,0) -> 0
A8: Grading Rubric
A9: max. total points per item: 5
A10: max. total points: 100
B11: 4–5 = criterion fully met
B12: 2–3 = criterion met for the most part
B13: 1 = criterion met to some extent
B14: 0 = criterion not met
B15: Total Score | C15: =OFFSET(Grading!S32, Grading!$AS$10,0) -> 0
A17: Artefact | B17: Items | C17: Points
A19: Research Question (Artefact 1a) | B19: The research question is precise and related to a specific topic. | C19: =OFFSET(Grading!S11, Grading!$AS$10,0) -> 0
A20: Reflections (Artefacts 1b, 2d, 3, and 4) | B20: The writer has carefully considered and deepy engaged with the topic. | C20: =OFFSET(Grading!S12, Grading!$AS$10,0) -> 0
B21: The writer has identified and described one specific situation. | C21: =OFFSET(Grading!S13, Grading!$AS$10,0) -> 0
B22: The writer has analyzed this specific situation. | C22: =OFFSET(Grading!S14, Grading!$AS$10,0) -> 0
B23: The writer relates different learning experiences, for example the current experience to an earlier one. | C23: =OFFSET(Grading!S15, Grading!$AS$10,0) -> 0
B24: The writer questions previously held assumptions, biases, or stereotypes. | C24: =OFFSET(Grading!S16, Grading!$AS$10,0) -> 0
B25: The writer has gained valuable new insignts. | C25: =OFFSET(Grading!S17, Grading!$AS$10,0) -> 0
B26: Based on these insights, the writer discusses implications for future actions, thinking, and learning. | C26: =OFFSET(Grading!S18, Grading!$AS$10,0) -> 0
A27: Response Paper (Artefact 2a-c) | B27: The writer identifies the main thesis and key arguments of the text. | C27: =OFFSET(Grading!S19, Grading!$AS$10,0) -> 0
B28: The writer elaborates on these main points and provides references to the text. | C28: =OFFSET(Grading!S20, Grading!$AS$10,0) -> 0
B29: The writer contextualizes these points by also drawing on high-quality sources. | C29: =OFFSET(Grading!S21, Grading!$AS$10,0) -> 0
B30: The writer considers relevant contextual information, for example historical context, audience, or intellectual tradition. | C30: =OFFSET(Grading!S22, Grading!$AS$10,0) -> 0
B31: The writer positions themselves vis-a-vis the text and, perhaps, in the debate to which the text contributes. | C31: =OFFSET(Grading!S23, Grading!$AS$10,0) -> 0
B32: The writer supports this position with reasonable arguments. | C32: =OFFSET(Grading!S24, Grading!$AS$10,0) -> 0
B33: The writer's diction, tone, and style is appropriate for an academic audience. | C33: =OFFSET(Grading!S25, Grading!$AS$10,0) -> 0
A34: Entire Portfolio | B34: It is easy to read the text and to understand the writer's reasoning and position. | C34: =OFFSET(Grading!S26, Grading!$AS$10,0) -> 0
B35: The writer has carefully marked references to other texts as such and clearly attributed ideas to others. It is always obvious who is "speaking" and whose positions--the writer's, those of others--are discussed in the artifact. | C35: =OFFSET(Grading!S27, Grading!$AS$10,0) -> 0
B36: References to other sources are formatted correctly and consistently; full bibliographic information is provided in the list of works cited. | C36: =OFFSET(Grading!S28, Grading!$AS$10,0) -> 0
B37: The writer has structured the content and organized paragraphs in line with readers' expectations. | C37: =OFFSET(Grading!S29, Grading!$AS$10,0) -> 0
B38: The texts are mostly correct in terms of spelling, punctuation, and grammar. | C38: =OFFSET(Grading!S30, Grading!$AS$10,0) -> 0

Sheet Stud17
A1: Instructor | B1: =Course!B3 -> 0
A2: Title | B2: =Course!B4 -> 0
A3: Course Number | B3: =Course!B5 -> 0
A5: Last Name | B5: =OFFSET(Grading!T7, Grading!$AS$10,0) -> 0
A6: First Name | B6: =OFFSET(Grading!T8, Grading!$AS$10,0) -> 0
A8: Grading Rubric
A9: max. total points per item: 5
A10: max. total points: 100
B11: 4–5 = criterion fully met
B12: 2–3 = criterion met for the most part
B13: 1 = criterion met to some extent
B14: 0 = criterion not met
B15: Total Score | C15: =OFFSET(Grading!T32, Grading!$AS$10,0) -> 0
A17: Artefact | B17: Items | C17: Points
A19: Research Question (Artefact 1a) | B19: The research question is precise and related to a specific topic. | C19: =OFFSET(Grading!T11, Grading!$AS$10,0) -> 0
A20: Reflections (Artefacts 1b, 2d, 3, and 4) | B20: The writer has carefully considered and deepy engaged with the topic. | C20: =OFFSET(Grading!T12, Grading!$AS$10,0) -> 0
B21: The writer has identified and described one specific situation. | C21: =OFFSET(Grading!T13, Grading!$AS$10,0) -> 0
B22: The writer has analyzed this specific situation. | C22: =OFFSET(Grading!T14, Grading!$AS$10,0) -> 0
B23: The writer relates different learning experiences, for example the current experience to an earlier one. | C23: =OFFSET(Grading!T15, Grading!$AS$10,0) -> 0
B24: The writer questions previously held assumptions, biases, or stereotypes. | C24: =OFFSET(Grading!T16, Grading!$AS$10,0) -> 0
B25: The writer has gained valuable new insignts. | C25: =OFFSET(Grading!T17, Grading!$AS$10,0) -> 0
B26: Based on these insights, the writer discusses implications for future actions, thinking, and learning. | C26: =OFFSET(Grading!T18, Grading!$AS$10,0) -> 0
A27: Response Paper (Artefact 2a-c) | B27: The writer identifies the main thesis and key arguments of the text. | C27: =OFFSET(Grading!T19, Grading!$AS$10,0) -> 0
B28: The writer elaborates on these main points and provides references to the text. | C28: =OFFSET(Grading!T20, Grading!$AS$10,0) -> 0
B29: The writer contextualizes these points by also drawing on high-quality sources. | C29: =OFFSET(Grading!T21, Grading!$AS$10,0) -> 0
B30: The writer considers relevant contextual information, for example historical context, audience, or intellectual tradition. | C30: =OFFSET(Grading!T22, Grading!$AS$10,0) -> 0
B31: The writer positions themselves vis-a-vis the text and, perhaps, in the debate to which the text contributes. | C31: =OFFSET(Grading!T23, Grading!$AS$10,0) -> 0
B32: The writer supports this position with reasonable arguments. | C32: =OFFSET(Grading!T24, Grading!$AS$10,0) -> 0
B33: The writer's diction, tone, and style is appropriate for an academic audience. | C33: =OFFSET(Grading!T25, Grading!$AS$10,0) -> 0
A34: Entire Portfolio | B34: It is easy to read the text and to understand the writer's reasoning and position. | C34: =OFFSET(Grading!T26, Grading!$AS$10,0) -> 0
B35: The writer has carefully marked references to other texts as such and clearly attributed ideas to others. It is always obvious who is "speaking" and whose positions--the writer's, those of others--are discussed in the artifact. | C35: =OFFSET(Grading!T27, Grading!$AS$10,0) -> 0
B36: References to other sources are formatted correctly and consistently; full bibliographic information is provided in the list of works cited. | C36: =OFFSET(Grading!T28, Grading!$AS$10,0) -> 0
B37: The writer has structured the content and organized paragraphs in line with readers' expectations. | C37: =OFFSET(Grading!T29, Grading!$AS$10,0) -> 0
B38: The texts are mostly correct in terms of spelling, punctuation, and grammar. | C38: =OFFSET(Grading!T30, Grading!$AS$10,0) -> 0

Sheet Stud18
A1: Instructor | B1: =Course!B3 -> 0
A2: Title | B2: =Course!B4 -> 0
A3: Course Number | B3: =Course!B5 -> 0
A5: Last Name | B5: =OFFSET(Grading!U7, Grading!$AS$10,0) -> 0
A6: First Name | B6: =OFFSET(Grading!U8, Grading!$AS$10,0) -> 0
A8: Grading Rubric
A9: max. total points per item: 5
A10: max. total points: 100
B11: 4–5 = criterion fully met
B12: 2–3 = criterion met for the most part
B13: 1 = criterion met to some extent
B14: 0 = criterion not met
B15: Total Score | C15: =OFFSET(Grading!U32, Grading!$AS$10,0) -> 0
A17: Artefact | B17: Items | C17: Points
A19: Research Question (Artefact 1a) | B19: The research question is precise and related to a specific topic. | C19: =OFFSET(Grading!U11, Grading!$AS$10,0) -> 0
A20: Reflections (Artefacts 1b, 2d, 3, and 4) | B20: The writer has carefully considered and deepy engaged with the topic. | C20: =OFFSET(Grading!U12, Grading!$AS$10,0) -> 0
B21: The writer has identified and described one specific situation. | C21: =OFFSET(Grading!U13, Grading!$AS$10,0) -> 0
B22: The writer has analyzed this specific situation. | C22: =OFFSET(Grading!U14, Grading!$AS$10,0) -> 0
B23: The writer relates different learning experiences, for example the current experience to an earlier one. | C23: =OFFSET(Grading!U15, Grading!$AS$10,0) -> 0
B24: The writer questions previously held assumptions, biases, or stereotypes. | C24: =OFFSET(Grading!U16, Grading!$AS$10,0) -> 0
B25: The writer has gained valuable new insignts. | C25: =OFFSET(Grading!U17, Grading!$AS$10,0) -> 0
B26: Based on these insights, the writer discusses implications for future actions, thinking, and learning. | C26: =OFFSET(Grading!U18, Grading!$AS$10,0) -> 0
A27: Response Paper (Artefact 2a-c) | B27: The writer identifies the main thesis and key arguments of the text. | C27: =OFFSET(Grading!U19, Grading!$AS$10,0) -> 0
B28: The writer elaborates on these main points and provides references to the text. | C28: =OFFSET(Grading!U20, Grading!$AS$10,0) -> 0
B29: The writer contextualizes these points by also drawing on high-quality sources. | C29: =OFFSET(Grading!U21, Grading!$AS$10,0) -> 0
B30: The writer considers relevant contextual information, for example historical context, audience, or intellectual tradition. | C30: =OFFSET(Grading!U22, Grading!$AS$10,0) -> 0
B31: The writer positions themselves vis-a-vis the text and, perhaps, in the debate to which the text contributes. | C31: =OFFSET(Grading!U23, Grading!$AS$10,0) -> 0
B32: The writer supports this position with reasonable arguments. | C32: =OFFSET(Grading!U24, Grading!$AS$10,0) -> 0
B33: The writer's diction, tone, and style is appropriate for an academic audience. | C33: =OFFSET(Grading!U25, Grading!$AS$10,0) -> 0
A34: Entire Portfolio | B34: It is easy to read the text and to understand the writer's reasoning and position. | C34: =OFFSET(Grading!U26, Grading!$AS$10,0) -> 0
B35: The writer has carefully marked references to other texts as such and clearly attributed ideas to others. It is always obvious who is "speaking" and whose positions--the writer's, those of others--are discussed in the artifact. | C35: =OFFSET(Grading!U27, Grading!$AS$10,0) -> 0
B36: References to other sources are formatted correctly and consistently; full bibliographic information is provided in the list of works cited. | C36: =OFFSET(Grading!U28, Grading!$AS$10,0) -> 0
B37: The writer has structured the content and organized paragraphs in line with readers' expectations. | C37: =OFFSET(Grading!U29, Grading!$AS$10,0) -> 0
B38: The texts are mostly correct in terms of spelling, punctuation, and grammar. | C38: =OFFSET(Grading!U30, Grading!$AS$10,0) -> 0

Sheet Stud19
A1: Instructor | B1: =Course!B3 -> 0
A2: Title | B2: =Course!B4 -> 0
A3: Course Number | B3: =Course!B5 -> 0
A5: Last Name | B5: =OFFSET(Grading!V7, Grading!$AS$10,0) -> 0
A6: First Name | B6: =OFFSET(Grading!V8, Grading!$AS$10,0) -> 0
A8: Grading Rubric
A9: max. total points per item: 5
A10: max. total points: 100
B11: 4–5 = criterion fully met
B12: 2–3 = criterion met for the most part
B13: 1 = criterion met to some extent
B14: 0 = criterion not met
B15: Total Score | C15: =OFFSET(Grading!V32, Grading!$AS$10,0) -> 0
A17: Artefact | B17: Items | C17: Points
A19: Research Question (Artefact 1a) | B19: The research question is precise and related to a specific topic. | C19: =OFFSET(Grading!V11, Grading!$AS$10,0) -> 0
A20: Reflections (Artefacts 1b, 2d, 3, and 4) | B20: The writer has carefully considered and deepy engaged with the topic. | C20: =OFFSET(Grading!V12, Grading!$AS$10,0) -> 0
B21: The writer has identified and described one specific situation. | C21: =OFFSET(Grading!V13, Grading!$AS$10,0) -> 0
B22: The writer has analyzed this specific situation. | C22: =OFFSET(Grading!V14, Grading!$AS$10,0) -> 0
B23: The writer relates different learning experiences, for example the current experience to an earlier one. | C23: =OFFSET(Grading!V15, Grading!$AS$10,0) -> 0
B24: The writer questions previously held assumptions, biases, or stereotypes. | C24: =OFFSET(Grading!V16, Grading!$AS$10,0) -> 0
B25: The writer has gained valuable new insignts. | C25: =OFFSET(Grading!V17, Grading!$AS$10,0) -> 0
B26: Based on these insights, the writer discusses implications for future actions, thinking, and learning. | C26: =OFFSET(Grading!V18, Grading!$AS$10,0) -> 0
A27: Response Paper (Artefact 2a-c) | B27: The writer identifies the main thesis and key arguments of the text. | C27: =OFFSET(Grading!V19, Grading!$AS$10,0) -> 0
B28: The writer elaborates on these main points and provides references to the text. | C28: =OFFSET(Grading!V20, Grading!$AS$10,0) -> 0
B29: The writer contextualizes these points by also drawing on high-quality sources. | C29: =OFFSET(Grading!V21, Grading!$AS$10,0) -> 0
B30: The writer considers relevant contextual information, for example historical context, audience, or intellectual tradition. | C30: =OFFSET(Grading!V22, Grading!$AS$10,0) -> 0
B31: The writer positions themselves vis-a-vis the text and, perhaps, in the debate to which the text contributes. | C31: =OFFSET(Grading!V23, Grading!$AS$10,0) -> 0
B32: The writer supports this position with reasonable arguments. | C32: =OFFSET(Grading!V24, Grading!$AS$10,0) -> 0
B33: The writer's diction, tone, and style is appropriate for an academic audience. | C33: =OFFSET(Grading!V25, Grading!$AS$10,0) -> 0
A34: Entire Portfolio | B34: It is easy to read the text and to understand the writer's reasoning and position. | C34: =OFFSET(Grading!V26, Grading!$AS$10,0) -> 0
B35: The writer has carefully marked references to other texts as such and clearly attributed ideas to others. It is always obvious who is "speaking" and whose positions--the writer's, those of others--are discussed in the artifact. | C35: =OFFSET(Grading!V27, Grading!$AS$10,0) -> 0
B36: References to other sources are formatted correctly and consistently; full bibliographic information is provided in the list of works cited. | C36: =OFFSET(Grading!V28, Grading!$AS$10,0) -> 0
B37: The writer has structured the content and organized paragraphs in line with readers' expectations. | C37: =OFFSET(Grading!V29, Grading!$AS$10,0) -> 0
B38: The texts are mostly correct in terms of spelling, punctuation, and grammar. | C38: =OFFSET(Grading!V30, Grading!$AS$10,0) -> 0

Sheet Stud20
A1: Instructor | B1: =Course!B3 -> 0
A2: Title | B2: =Course!B4 -> 0
A3: Course Number | B3: =Course!B5 -> 0
A5: Last Name | B5: =OFFSET(Grading!W7, Grading!$AS$10,0) -> 0
A6: First Name | B6: =OFFSET(Grading!W8, Grading!$AS$10,0) -> 0
A8: Grading Rubric
A9: max. total points per item: 5
A10: max. total points: 100
B11: 4–5 = criterion fully met
B12: 2–3 = criterion met for the most part
B13: 1 = criterion met to some extent
B14: 0 = criterion not met
B15: Total Score | C15: =OFFSET(Grading!W32, Grading!$AS$10,0) -> 0
A17: Artefact | B17: Items | C17: Points
A19: Research Question (Artefact 1a) | B19: The research question is precise and related to a specific topic. | C19: =OFFSET(Grading!W11, Grading!$AS$10,0) -> 0
A20: Reflections (Artefacts 1b, 2d, 3, and 4) | B20: The writer has carefully considered and deepy engaged with the topic. | C20: =OFFSET(Grading!W12, Grading!$AS$10,0) -> 0
B21: The writer has identified and described one specific situation. | C21: =OFFSET(Grading!W13, Grading!$AS$10,0) -> 0
B22: The writer has analyzed this specific situation. | C22: =OFFSET(Grading!W14, Grading!$AS$10,0) -> 0
B23: The writer relates different learning experiences, for example the current experience to an earlier one. | C23: =OFFSET(Grading!W15, Grading!$AS$10,0) -> 0
B24: The writer questions previously held assumptions, biases, or stereotypes. | C24: =OFFSET(Grading!W16, Grading!$AS$10,0) -> 0
B25: The writer has gained valuable new insignts. | C25: =OFFSET(Grading!W17, Grading!$AS$10,0) -> 0
B26: Based on these insights, the writer discusses implications for future actions, thinking, and learning. | C26: =OFFSET(Grading!W18, Grading!$AS$10,0) -> 0
A27: Response Paper (Artefact 2a-c) | B27: The writer identifies the main thesis and key arguments of the text. | C27: =OFFSET(Grading!W19, Grading!$AS$10,0) -> 0
B28: The writer elaborates on these main points and provides references to the text. | C28: =OFFSET(Grading!W20, Grading!$AS$10,0) -> 0
B29: The writer contextualizes these points by also drawing on high-quality sources. | C29: =OFFSET(Grading!W21, Grading!$AS$10,0) -> 0
B30: The writer considers relevant contextual information, for example historical context, audience, or intellectual tradition. | C30: =OFFSET(Grading!W22, Grading!$AS$10,0) -> 0
B31: The writer positions themselves vis-a-vis the text and, perhaps, in the debate to which the text contributes. | C31: =OFFSET(Grading!W23, Grading!$AS$10,0) -> 0
B32: The writer supports this position with reasonable arguments. | C32: =OFFSET(Grading!W24, Grading!$AS$10,0) -> 0
B33: The writer's diction, tone, and style is appropriate for an academic audience. | C33: =OFFSET(Grading!W25, Grading!$AS$10,0) -> 0
A34: Entire Portfolio | B34: It is easy to read the text and to understand the writer's reasoning and position. | C34: =OFFSET(Grading!W26, Grading!$AS$10,0) -> 0
B35: The writer has carefully marked references to other texts as such and clearly attributed ideas to others. It is always obvious who is "speaking" and whose positions--the writer's, those of others--are discussed in the artifact. | C35: =OFFSET(Grading!W27, Grading!$AS$10,0) -> 0
B36: References to other sources are formatted correctly and consistently; full bibliographic information is provided in the list of works cited. | C36: =OFFSET(Grading!W28, Grading!$AS$10,0) -> 0
B37: The writer has structured the content and organized paragraphs in line with readers' expectations. | C37: =OFFSET(Grading!W29, Grading!$AS$10,0) -> 0
B38: The texts are mostly correct in terms of spelling, punctuation, and grammar. | C38: =OFFSET(Grading!W30, Grading!$AS$10,0) -> 0

Sheet Stud21
A1: Instructor | B1: =Course!B3 -> 0
A2: Title | B2: =Course!B4 -> 0
A3: Course Number | B3: =Course!B5 -> 0
A5: Last Name | B5: =OFFSET(Grading!X7, Grading!$AS$10,0) -> 0
A6: First Name | B6: =OFFSET(Grading!X8, Grading!$AS$10,0) -> 0
A8: Grading Rubric
A9: max. total points per item: 5
A10: max. total points: 100
B11: 4–5 = criterion fully met
B12: 2–3 = criterion met for the most part
B13: 1 = criterion met to some extent
B14: 0 = criterion not met
B15: Total Score | C15: =OFFSET(Grading!X32, Grading!$AS$10,0) -> 0
A17: Artefact | B17: Items | C17: Points
A19: Research Question (Artefact 1a) | B19: The research question is precise and related to a specific topic. | C19: =OFFSET(Grading!X11, Grading!$AS$10,0) -> 0
A20: Reflections (Artefacts 1b, 2d, 3, and 4) | B20: The writer has carefully considered and deepy engaged with the topic. | C20: =OFFSET(Grading!X12, Grading!$AS$10,0) -> 0
B21: The writer has identified and described one specific situation. | C21: =OFFSET(Grading!X13, Grading!$AS$10,0) -> 0
B22: The writer has analyzed this specific situation. | C22: =OFFSET(Grading!X14, Grading!$AS$10,0) -> 0
B23: The writer relates different learning experiences, for example the current experience to an earlier one. | C23: =OFFSET(Grading!X15, Grading!$AS$10,0) -> 0
B24: The writer questions previously held assumptions, biases, or stereotypes. | C24: =OFFSET(Grading!X16, Grading!$AS$10,0) -> 0
B25: The writer has gained valuable new insignts. | C25: =OFFSET(Grading!X17, Grading!$AS$10,0) -> 0
B26: Based on these insights, the writer discusses implications for future actions, thinking, and learning. | C26: =OFFSET(Grading!X18, Grading!$AS$10,0) -> 0
A27: Response Paper (Artefact 2a-c) | B27: The writer identifies the main thesis and key arguments of the text. | C27: =OFFSET(Grading!X19, Grading!$AS$10,0) -> 0
B28: The writer elaborates on these main points and provides references to the text. | C28: =OFFSET(Grading!X20, Grading!$AS$10,0) -> 0
B29: The writer contextualizes these points by also drawing on high-quality sources. | C29: =OFFSET(Grading!X21, Grading!$AS$10,0) -> 0
B30: The writer considers relevant contextual information, for example historical context, audience, or intellectual tradition. | C30: =OFFSET(Grading!X22, Grading!$AS$10,0) -> 0
B31: The writer positions themselves vis-a-vis the text and, perhaps, in the debate to which the text contributes. | C31: =OFFSET(Grading!X23, Grading!$AS$10,0) -> 0
B32: The writer supports this position with reasonable arguments. | C32: =OFFSET(Grading!X24, Grading!$AS$10,0) -> 0
B33: The writer's diction, tone, and style is appropriate for an academic audience. | C33: =OFFSET(Grading!X25, Grading!$AS$10,0) -> 0
A34: Entire Portfolio | B34: It is easy to read the text and to understand the writer's reasoning and position. | C34: =OFFSET(Grading!X26, Grading!$AS$10,0) -> 0
B35: The writer has carefully marked references to other texts as such and clearly attributed ideas to others. It is always obvious who is "speaking" and whose positions--the writer's, those of others--are discussed in the artifact. | C35: =OFFSET(Grading!X27, Grading!$AS$10,0) -> 0
B36: References to other sources are formatted correctly and consistently; full bibliographic information is provided in the list of works cited. | C36: =OFFSET(Grading!X28, Grading!$AS$10,0) -> 0
B37: The writer has structured the content and organized paragraphs in line with readers' expectations. | C37: =OFFSET(Grading!X29, Grading!$AS$10,0) -> 0
B38: The texts are mostly correct in terms of spelling, punctuation, and grammar. | C38: =OFFSET(Grading!X30, Grading!$AS$10,0) -> 0

Sheet Stud22
A1: Instructor | B1: =Course!B3 -> 0
A2: Title | B2: =Course!B4 -> 0
A3: Course Number | B3: =Course!B5 -> 0
A5: Last Name | B5: =OFFSET(Grading!Y7, Grading!$AS$10,0) -> 0
A6: First Name | B6: =OFFSET(Grading!Y8, Grading!$AS$10,0) -> 0
A8: Grading Rubric
A9: max. total points per item: 5
A10: max. total points: 100
B11: 4–5 = criterion fully met
B12: 2–3 = criterion met for the most part
B13: 1 = criterion met to some extent
B14: 0 = criterion not met
B15: Total Score | C15: =OFFSET(Grading!Y32, Grading!$AS$10,0) -> 0
A17: Artefact | B17: Items | C17: Points
A19: Research Question (Artefact 1a) | B19: The research question is precise and related to a specific topic. | C19: =OFFSET(Grading!Y11, Grading!$AS$10,0) -> 0
A20: Reflections (Artefacts 1b, 2d, 3, and 4) | B20: The writer has carefully considered and deepy engaged with the topic. | C20: =OFFSET(Grading!Y12, Grading!$AS$10,0) -> 0
B21: The writer has identified and described one specific situation. | C21: =OFFSET(Grading!Y13, Grading!$AS$10,0) -> 0
B22: The writer has analyzed this specific situation. | C22: =OFFSET(Grading!Y14, Grading!$AS$10,0) -> 0
B23: The writer relates different learning experiences, for example the current experience to an earlier one. | C23: =OFFSET(Grading!Y15, Grading!$AS$10,0) -> 0
B24: The writer questions previously held assumptions, biases, or stereotypes. | C24: =OFFSET(Grading!Y16, Grading!$AS$10,0) -> 0
B25: The writer has gained valuable new insignts. | C25: =OFFSET(Grading!Y17, Grading!$AS$10,0) -> 0
B26: Based on these insights, the writer discusses implications for future actions, thinking, and learning. | C26: =OFFSET(Grading!Y18, Grading!$AS$10,0) -> 0
A27: Response Paper (Artefact 2a-c) | B27: The writer identifies the main thesis and key arguments of the text. | C27: =OFFSET(Grading!Y19, Grading!$AS$10,0) -> 0
B28: The writer elaborates on these main points and provides references to the text. | C28: =OFFSET(Grading!Y20, Grading!$AS$10,0) -> 0
B29: The writer contextualizes these points by also drawing on high-quality sources. | C29: =OFFSET(Grading!Y21, Grading!$AS$10,0) -> 0
B30: The writer considers relevant contextual information, for example historical context, audience, or intellectual tradition. | C30: =OFFSET(Grading!Y22, Grading!$AS$10,0) -> 0
B31: The writer positions themselves vis-a-vis the text and, perhaps, in the debate to which the text contributes. | C31: =OFFSET(Grading!Y23, Grading!$AS$10,0) -> 0
B32: The writer supports this position with reasonable arguments. | C32: =OFFSET(Grading!Y24, Grading!$AS$10,0) -> 0
B33: The writer's diction, tone, and style is appropriate for an academic audience. | C33: =OFFSET(Grading!Y25, Grading!$AS$10,0) -> 0
A34: Entire Portfolio | B34: It is easy to read the text and to understand the writer's reasoning and position. | C34: =OFFSET(Grading!Y26, Grading!$AS$10,0) -> 0
B35: The writer has carefully marked references to other texts as such and clearly attributed ideas to others. It is always obvious who is "speaking" and whose positions--the writer's, those of others--are discussed in the artifact. | C35: =OFFSET(Grading!Y27, Grading!$AS$10,0) -> 0
B36: References to other sources are formatted correctly and consistently; full bibliographic information is provided in the list of works cited. | C36: =OFFSET(Grading!Y28, Grading!$AS$10,0) -> 0
B37: The writer has structured the content and organized paragraphs in line with readers' expectations. | C37: =OFFSET(Grading!Y29, Grading!$AS$10,0) -> 0
B38: The texts are mostly correct in terms of spelling, punctuation, and grammar. | C38: =OFFSET(Grading!Y30, Grading!$AS$10,0) -> 0

Sheet Stud23
A1: Instructor | B1: =Course!B3 -> 0
A2: Title | B2: =Course!B4 -> 0
A3: Course Number | B3: =Course!B5 -> 0
A5: Last Name | B5: =OFFSET(Grading!Z7, Grading!$AS$10,0) -> 0
A6: First Name | B6: =OFFSET(Grading!Z8, Grading!$AS$10,0) -> 0
A8: Grading Rubric
A9: max. total points per item: 5
A10: max. total points: 100
B11: 4–5 = criterion fully met
B12: 2–3 = criterion met for the most part
B13: 1 = criterion met to some extent
B14: 0 = criterion not met
B15: Total Score | C15: =OFFSET(Grading!Z32, Grading!$AS$10,0) -> 0
A17: Artefact | B17: Items | C17: Points
A19: Research Question (Artefact 1a) | B19: The research question is precise and related to a specific topic. | C19: =OFFSET(Grading!Z11, Grading!$AS$10,0) -> 0
A20: Reflections (Artefacts 1b, 2d, 3, and 4) | B20: The writer has carefully considered and deepy engaged with the topic. | C20: =OFFSET(Grading!Z12, Grading!$AS$10,0) -> 0
B21: The writer has identified and described one specific situation. | C21: =OFFSET(Grading!Z13, Grading!$AS$10,0) -> 0
B22: The writer has analyzed this specific situation. | C22: =OFFSET(Grading!Z14, Grading!$AS$10,0) -> 0
B23: The writer relates different learning experiences, for example the current experience to an earlier one. | C23: =OFFSET(Grading!Z15, Grading!$AS$10,0) -> 0
B24: The writer questions previously held assumptions, biases, or stereotypes. | C24: =OFFSET(Grading!Z16, Grading!$AS$10,0) -> 0
B25: The writer has gained valuable new insignts. | C25: =OFFSET(Grading!Z17, Grading!$AS$10,0) -> 0
B26: Based on these insights, the writer discusses implications for future actions, thinking, and learning. | C26: =OFFSET(Grading!Z18, Grading!$AS$10,0) -> 0
A27: Response Paper (Artefact 2a-c) | B27: The writer identifies the main thesis and key arguments of the text. | C27: =OFFSET(Grading!Z19, Grading!$AS$10,0) -> 0
B28: The writer elaborates on these main points and provides references to the text. | C28: =OFFSET(Grading!Z20, Grading!$AS$10,0) -> 0
B29: The writer contextualizes these points by also drawing on high-quality sources. | C29: =OFFSET(Grading!Z21, Grading!$AS$10,0) -> 0
B30: The writer considers relevant contextual information, for example historical context, audience, or intellectual tradition. | C30: =OFFSET(Grading!Z22, Grading!$AS$10,0) -> 0
B31: The writer positions themselves vis-a-vis the text and, perhaps, in the debate to which the text contributes. | C31: =OFFSET(Grading!Z23, Grading!$AS$10,0) -> 0
B32: The writer supports this position with reasonable arguments. | C32: =OFFSET(Grading!Z24, Grading!$AS$10,0) -> 0
B33: The writer's diction, tone, and style is appropriate for an academic audience. | C33: =OFFSET(Grading!Z25, Grading!$AS$10,0) -> 0
A34: Entire Portfolio | B34: It is easy to read the text and to understand the writer's reasoning and position. | C34: =OFFSET(Grading!Z26, Grading!$AS$10,0) -> 0
B35: The writer has carefully marked references to other texts as such and clearly attributed ideas to others. It is always obvious who is "speaking" and whose positions--the writer's, those of others--are discussed in the artifact. | C35: =OFFSET(Grading!Z27, Grading!$AS$10,0) -> 0
B36: References to other sources are formatted correctly and consistently; full bibliographic information is provided in the list of works cited. | C36: =OFFSET(Grading!Z28, Grading!$AS$10,0) -> 0
B37: The writer has structured the content and organized paragraphs in line with readers' expectations. | C37: =OFFSET(Grading!Z29, Grading!$AS$10,0) -> 0
B38: The texts are mostly correct in terms of spelling, punctuation, and grammar. | C38: =OFFSET(Grading!Z30, Grading!$AS$10,0) -> 0

Sheet Stud24
A1: Instructor | B1: =Course!B3 -> 0
A2: Title | B2: =Course!B4 -> 0
A3: Course Number | B3: =Course!B5 -> 0
A5: Last Name | B5: =OFFSET(Grading!AA7, Grading!$AS$10,0) -> 0
A6: First Name | B6: =OFFSET(Grading!AA8, Grading!$AS$10,0) -> 0
A8: Grading Rubric
A9: max. total points per item: 5
A10: max. total points: 100
B11: 4–5 = criterion fully met
B12: 2–3 = criterion met for the most part
B13: 1 = criterion met to some extent
B14: 0 = criterion not met
B15: Total Score | C15: =OFFSET(Grading!AA32, Grading!$AS$10,0) -> 0
A17: Artefact | B17: Items | C17: Points
A19: Research Question (Artefact 1a) | B19: The research question is precise and related to a specific topic. | C19: =OFFSET(Grading!AA11, Grading!$AS$10,0) -> 0
A20: Reflections (Artefacts 1b, 2d, 3, and 4) | B20: The writer has carefully considered and deepy engaged with the topic. | C20: =OFFSET(Grading!AA12, Grading!$AS$10,0) -> 0
B21: The writer has identified and described one specific situation. | C21: =OFFSET(Grading!AA13, Grading!$AS$10,0) -> 0
B22: The writer has analyzed this specific situation. | C22: =OFFSET(Grading!AA14, Grading!$AS$10,0) -> 0
B23: The writer relates different learning experiences, for example the current experience to an earlier one. | C23: =OFFSET(Grading!AA15, Grading!$AS$10,0) -> 0
B24: The writer questions previously held assumptions, biases, or stereotypes. | C24: =OFFSET(Grading!AA16, Grading!$AS$10,0) -> 0
B25: The writer has gained valuable new insignts. | C25: =OFFSET(Grading!AA17, Grading!$AS$10,0) -> 0
B26: Based on these insights, the writer discusses implications for future actions, thinking, and learning. | C26: =OFFSET(Grading!AA18, Grading!$AS$10,0) -> 0
A27: Response Paper (Artefact 2a-c) | B27: The writer identifies the main thesis and key arguments of the text. | C27: =OFFSET(Grading!AA19, Grading!$AS$10,0) -> 0
B28: The writer elaborates on these main points and provides references to the text. | C28: =OFFSET(Grading!AA20, Grading!$AS$10,0) -> 0
B29: The writer contextualizes these points by also drawing on high-quality sources. | C29: =OFFSET(Grading!AA21, Grading!$AS$10,0) -> 0
B30: The writer considers relevant contextual information, for example historical context, audience, or intellectual tradition. | C30: =OFFSET(Grading!AA22, Grading!$AS$10,0) -> 0
B31: The writer positions themselves vis-a-vis the text and, perhaps, in the debate to which the text contributes. | C31: =OFFSET(Grading!AA23, Grading!$AS$10,0) -> 0
B32: The writer supports this position with reasonable arguments. | C32: =OFFSET(Grading!AA24, Grading!$AS$10,0) -> 0
B33: The writer's diction, tone, and style is appropriate for an academic audience. | C33: =OFFSET(Grading!AA25, Grading!$AS$10,0) -> 0
A34: Entire Portfolio | B34: It is easy to read the text and to understand the writer's reasoning and position. | C34: =OFFSET(Grading!AA26, Grading!$AS$10,0) -> 0
B35: The writer has carefully marked references to other texts as such and clearly attributed ideas to others. It is always obvious who is "speaking" and whose positions--the writer's, those of others--are discussed in the artifact. | C35: =OFFSET(Grading!AA27, Grading!$AS$10,0) -> 0
B36: References to other sources are formatted correctly and consistently; full bibliographic information is provided in the list of works cited. | C36: =OFFSET(Grading!AA28, Grading!$AS$10,0) -> 0
B37: The writer has structured the content and organized paragraphs in line with readers' expectations. | C37: =OFFSET(Grading!AA29, Grading!$AS$10,0) -> 0
B38: The texts are mostly correct in terms of spelling, punctuation, and grammar. | C38: =OFFSET(Grading!AA30, Grading!$AS$10,0) -> 0

Sheet Stud25
A1: Instructor | B1: =Course!B3 -> 0
A2: Title | B2: =Course!B4 -> 0
A3: Course Number | B3: =Course!B5 -> 0
A5: Last Name | B5: =OFFSET(Grading!AB7, Grading!$AS$10,0) -> 0
A6: First Name | B6: =OFFSET(Grading!AB8, Grading!$AS$10,0) -> 0
A8: Grading Rubric
A9: max. total points per item: 5
A10: max. total points: 100
B11: 4–5 = criterion fully met
B12: 2–3 = criterion met for the most part
B13: 1 = criterion met to some extent
B14: 0 = criterion not met
B15: Total Score | C15: =OFFSET(Grading!AB32, Grading!$AS$10,0) -> 0
A17: Artefact | B17: Items | C17: Points
A19: Research Question (Artefact 1a) | B19: The research question is precise and related to a specific topic. | C19: =OFFSET(Grading!AB11, Grading!$AS$10,0) -> 0
A20: Reflections (Artefacts 1b, 2d, 3, and 4) | B20: The writer has carefully considered and deepy engaged with the topic. | C20: =OFFSET(Grading!AB12, Grading!$AS$10,0) -> 0
B21: The writer has identified and described one specific situation. | C21: =OFFSET(Grading!AB13, Grading!$AS$10,0) -> 0
B22: The writer has analyzed this specific situation. | C22: =OFFSET(Grading!AB14, Grading!$AS$10,0) -> 0
B23: The writer relates different learning experiences, for example the current experience to an earlier one. | C23: =OFFSET(Grading!AB15, Grading!$AS$10,0) -> 0
B24: The writer questions previously held assumptions, biases, or stereotypes. | C24: =OFFSET(Grading!AB16, Grading!$AS$10,0) -> 0
B25: The writer has gained valuable new insignts. | C25: =OFFSET(Grading!AB17, Grading!$AS$10,0) -> 0
B26: Based on these insights, the writer discusses implications for future actions, thinking, and learning. | C26: =OFFSET(Grading!AB18, Grading!$AS$10,0) -> 0
A27: Response Paper (Artefact 2a-c) | B27: The writer identifies the main thesis and key arguments of the text. | C27: =OFFSET(Grading!AB19, Grading!$AS$10,0) -> 0
B28: The writer elaborates on these main points and provides references to the text. | C28: =OFFSET(Grading!AB20, Grading!$AS$10,0) -> 0
B29: The writer contextualizes these points by also drawing on high-quality sources. | C29: =OFFSET(Grading!AB21, Grading!$AS$10,0) -> 0
B30: The writer considers relevant contextual information, for example historical context, audience, or intellectual tradition. | C30: =OFFSET(Grading!AB22, Grading!$AS$10,0) -> 0
B31: The writer positions themselves vis-a-vis the text and, perhaps, in the debate to which the text contributes. | C31: =OFFSET(Grading!AB23, Grading!$AS$10,0) -> 0
B32: The writer supports this position with reasonable arguments. | C32: =OFFSET(Grading!AB24, Grading!$AS$10,0) -> 0
B33: The writer's diction, tone, and style is appropriate for an academic audience. | C33: =OFFSET(Grading!AB25, Grading!$AS$10,0) -> 0
A34: Entire Portfolio | B34: It is easy to read the text and to understand the writer's reasoning and position. | C34: =OFFSET(Grading!AB26, Grading!$AS$10,0) -> 0
B35: The writer has carefully marked references to other texts as such and clearly attributed ideas to others. It is always obvious who is "speaking" and whose positions--the writer's, those of others--are discussed in the artifact. | C35: =OFFSET(Grading!AB27, Grading!$AS$10,0) -> 0
B36: References to other sources are formatted correctly and consistently; full bibliographic information is provided in the list of works cited. | C36: =OFFSET(Grading!AB28, Grading!$AS$10,0) -> 0
B37: The writer has structured the content and organized paragraphs in line with readers' expectations. | C37: =OFFSET(Grading!AB29, Grading!$AS$10,0) -> 0
B38: The texts are mostly correct in terms of spelling, punctuation, and grammar. | C38: =OFFSET(Grading!AB30, Grading!$AS$10,0) -> 0

Sheet Stud26
A1: Instructor | B1: =Course!B3 -> 0
A2: Title | B2: =Course!B4 -> 0
A3: Course Number | B3: =Course!B5 -> 0
A5: Last Name | B5: =OFFSET(Grading!AC7, Grading!$AS$10,0) -> 0
A6: First Name | B6: =OFFSET(Grading!AC8, Grading!$AS$10,0) -> 0
A8: Grading Rubric
A9: max. total points per item: 5
A10: max. total points: 100
B11: 4–5 = criterion fully met
B12: 2–3 = criterion met for the most part
B13: 1 = criterion met to some extent
B14: 0 = criterion not met
B15: Total Score | C15: =OFFSET(Grading!AC32, Grading!$AS$10,0) -> 0
A17: Artefact | B17: Items | C17: Points
A19: Research Question (Artefact 1a) | B19: The research question is precise and related to a specific topic. | C19: =OFFSET(Grading!AC11, Grading!$AS$10,0) -> 0
A20: Reflections (Artefacts 1b, 2d, 3, and 4) | B20: The writer has carefully considered and deepy engaged with the topic. | C20: =OFFSET(Grading!AC12, Grading!$AS$10,0) -> 0
B21: The writer has identified and described one specific situation. | C21: =OFFSET(Grading!AC13, Grading!$AS$10,0) -> 0
B22: The writer has analyzed this specific situation. | C22: =OFFSET(Grading!AC14, Grading!$AS$10,0) -> 0
B23: The writer relates different learning experiences, for example the current experience to an earlier one. | C23: =OFFSET(Grading!AC15, Grading!$AS$10,0) -> 0
B24: The writer questions previously held assumptions, biases, or stereotypes. | C24: =OFFSET(Grading!AC16, Grading!$AS$10,0) -> 0
B25: The writer has gained valuable new insignts. | C25: =OFFSET(Grading!AC17, Grading!$AS$10,0) -> 0
B26: Based on these insights, the writer discusses implications for future actions, thinking, and learning. | C26: =OFFSET(Grading!AC18, Grading!$AS$10,0) -> 0
A27: Response Paper (Artefact 2a-c) | B27: The writer identifies the main thesis and key arguments of the text. | C27: =OFFSET(Grading!AC19, Grading!$AS$10,0) -> 0
B28: The writer elaborates on these main points and provides references to the text. | C28: =OFFSET(Grading!AC20, Grading!$AS$10,0) -> 0
B29: The writer contextualizes these points by also drawing on high-quality sources. | C29: =OFFSET(Grading!AC21, Grading!$AS$10,0) -> 0
B30: The writer considers relevant contextual information, for example historical context, audience, or intellectual tradition. | C30: =OFFSET(Grading!AC22, Grading!$AS$10,0) -> 0
B31: The writer positions themselves vis-a-vis the text and, perhaps, in the debate to which the text contributes. | C31: =OFFSET(Grading!AC23, Grading!$AS$10,0) -> 0
B32: The writer supports this position with reasonable arguments. | C32: =OFFSET(Grading!AC24, Grading!$AS$10,0) -> 0
B33: The writer's diction, tone, and style is appropriate for an academic audience. | C33: =OFFSET(Grading!AC25, Grading!$AS$10,0) -> 0
A34: Entire Portfolio | B34: It is easy to read the text and to understand the writer's reasoning and position. | C34: =OFFSET(Grading!AC26, Grading!$AS$10,0) -> 0
B35: The writer has carefully marked references to other texts as such and clearly attributed ideas to others. It is always obvious who is "speaking" and whose positions--the writer's, those of others--are discussed in the artifact. | C35: =OFFSET(Grading!AC27, Grading!$AS$10,0) -> 0
B36: References to other sources are formatted correctly and consistently; full bibliographic information is provided in the list of works cited. | C36: =OFFSET(Grading!AC28, Grading!$AS$10,0) -> 0
B37: The writer has structured the content and organized paragraphs in line with readers' expectations. | C37: =OFFSET(Grading!AC29, Grading!$AS$10,0) -> 0
B38: The texts are mostly correct in terms of spelling, punctuation, and grammar. | C38: =OFFSET(Grading!AC30, Grading!$AS$10,0) -> 0

Sheet Stud27
A1: Instructor | B1: =Course!B3 -> 0
A2: Title | B2: =Course!B4 -> 0
A3: Course Number | B3: =Course!B5 -> 0
A5: Last Name | B5: =OFFSET(Grading!AD7, Grading!$AS$10,0) -> 0
A6: First Name | B6: =OFFSET(Grading!AD8, Grading!$AS$10,0) -> 0
A8: Grading Rubric
A9: max. total points per item: 5
A10: max. total points: 100
B11: 4–5 = criterion fully met
B12: 2–3 = criterion met for the most part
B13: 1 = criterion met to some extent
B14: 0 = criterion not met
B15: Total Score | C15: =OFFSET(Grading!AD32, Grading!$AS$10,0) -> 0
A17: Artefact | B17: Items | C17: Points
A19: Research Question (Artefact 1a) | B19: The research question is precise and related to a specific topic. | C19: =OFFSET(Grading!AD11, Grading!$AS$10,0) -> 0
A20: Reflections (Artefacts 1b, 2d, 3, and 4) | B20: The writer has carefully considered and deepy engaged with the topic. | C20: =OFFSET(Grading!AD12, Grading!$AS$10,0) -> 0
B21: The writer has identified and described one specific situation. | C21: =OFFSET(Grading!AD13, Grading!$AS$10,0) -> 0
B22: The writer has analyzed this specific situation. | C22: =OFFSET(Grading!AD14, Grading!$AS$10,0) -> 0
B23: The writer relates different learning experiences, for example the current experience to an earlier one. | C23: =OFFSET(Grading!AD15, Grading!$AS$10,0) -> 0
B24: The writer questions previously held assumptions, biases, or stereotypes. | C24: =OFFSET(Grading!AD16, Grading!$AS$10,0) -> 0
B25: The writer has gained valuable new insignts. | C25: =OFFSET(Grading!AD17, Grading!$AS$10,0) -> 0
B26: Based on these insights, the writer discusses implications for future actions, thinking, and learning. | C26: =OFFSET(Grading!AD18, Grading!$AS$10,0) -> 0
A27: Response Paper (Artefact 2a-c) | B27: The writer identifies the main thesis and key arguments of the text. | C27: =OFFSET(Grading!AD19, Grading!$AS$10,0) -> 0
B28: The writer elaborates on these main points and provides references to the text. | C28: =OFFSET(Grading!AD20, Grading!$AS$10,0) -> 0
B29: The writer contextualizes these points by also drawing on high-quality sources. | C29: =OFFSET(Grading!AD21, Grading!$AS$10,0) -> 0
B30: The writer considers relevant contextual information, for example historical context, audience, or intellectual tradition. | C30: =OFFSET(Grading!AD22, Grading!$AS$10,0) -> 0
B31: The writer positions themselves vis-a-vis the text and, perhaps, in the debate to which the text contributes. | C31: =OFFSET(Grading!AD23, Grading!$AS$10,0) -> 0
B32: The writer supports this position with reasonable arguments. | C32: =OFFSET(Grading!AD24, Grading!$AS$10,0) -> 0
B33: The writer's diction, tone, and style is appropriate for an academic audience. | C33: =OFFSET(Grading!AD25, Grading!$AS$10,0) -> 0
A34: Entire Portfolio | B34: It is easy to read the text and to understand the writer's reasoning and position. | C34: =OFFSET(Grading!AD26, Grading!$AS$10,0) -> 0
B35: The writer has carefully marked references to other texts as such and clearly attributed ideas to others. It is always obvious who is "speaking" and whose positions--the writer's, those of others--are discussed in the artifact. | C35: =OFFSET(Grading!AD27, Grading!$AS$10,0) -> 0
B36: References to other sources are formatted correctly and consistently; full bibliographic information is provided in the list of works cited. | C36: =OFFSET(Grading!AD28, Grading!$AS$10,0) -> 0
B37: The writer has structured the content and organized paragraphs in line with readers' expectations. | C37: =OFFSET(Grading!AD29, Grading!$AS$10,0) -> 0
B38: The texts are mostly correct in terms of spelling, punctuation, and grammar. | C38: =OFFSET(Grading!AD30, Grading!$AS$10,0) -> 0

Sheet Stud28
A1: Instructor | B1: =Course!B3 -> 0
A2: Title | B2: =Course!B4 -> 0
A3: Course Number | B3: =Course!B5 -> 0
A5: Last Name | B5: =OFFSET(Grading!AE7, Grading!$AS$10,0) -> 0
A6: First Name | B6: =OFFSET(Grading!AE8, Grading!$AS$10,0) -> 0
A8: Grading Rubric
A9: max. total points per item: 5
A10: max. total points: 100
B11: 4–5 = criterion fully met
B12: 2–3 = criterion met for the most part
B13: 1 = criterion met to some extent
B14: 0 = criterion not met
B15: Total Score | C15: =OFFSET(Grading!AE32, Grading!$AS$10,0) -> 0
A17: Artefact | B17: Items | C17: Points
A19: Research Question (Artefact 1a) | B19: The research question is precise and related to a specific topic. | C19: =OFFSET(Grading!AE11, Grading!$AS$10,0) -> 0
A20: Reflections (Artefacts 1b, 2d, 3, and 4) | B20: The writer has carefully considered and deepy engaged with the topic. | C20: =OFFSET(Grading!AE12, Grading!$AS$10,0) -> 0
B21: The writer has identified and described one specific situation. | C21: =OFFSET(Grading!AE13, Grading!$AS$10,0) -> 0
B22: The writer has analyzed this specific situation. | C22: =OFFSET(Grading!AE14, Grading!$AS$10,0) -> 0
B23: The writer relates different learning experiences, for example the current experience to an earlier one. | C23: =OFFSET(Grading!AE15, Grading!$AS$10,0) -> 0
B24: The writer questions previously held assumptions, biases, or stereotypes. | C24: =OFFSET(Grading!AE16, Grading!$AS$10,0) -> 0
B25: The writer has gained valuable new insignts. | C25: =OFFSET(Grading!AE17, Grading!$AS$10,0) -> 0
B26: Based on these insights, the writer discusses implications for future actions, thinking, and learning. | C26: =OFFSET(Grading!AE18, Grading!$AS$10,0) -> 0
A27: Response Paper (Artefact 2a-c) | B27: The writer identifies the main thesis and key arguments of the text. | C27: =OFFSET(Grading!AE19, Grading!$AS$10,0) -> 0
B28: The writer elaborates on these main points and provides references to the text. | C28: =OFFSET(Grading!AE20, Grading!$AS$10,0) -> 0
B29: The writer contextualizes these points by also drawing on high-quality sources. | C29: =OFFSET(Grading!AE21, Grading!$AS$10,0) -> 0
B30: The writer considers relevant contextual information, for example historical context, audience, or intellectual tradition. | C30: =OFFSET(Grading!AE22, Grading!$AS$10,0) -> 0
B31: The writer positions themselves vis-a-vis the text and, perhaps, in the debate to which the text contributes. | C31: =OFFSET(Grading!AE23, Grading!$AS$10,0) -> 0
B32: The writer supports this position with reasonable arguments. | C32: =OFFSET(Grading!AE24, Grading!$AS$10,0) -> 0
B33: The writer's diction, tone, and style is appropriate for an academic audience. | C33: =OFFSET(Grading!AE25, Grading!$AS$10,0) -> 0
A34: Entire Portfolio | B34: It is easy to read the text and to understand the writer's reasoning and position. | C34: =OFFSET(Grading!AE26, Grading!$AS$10,0) -> 0
B35: The writer has carefully marked references to other texts as such and clearly attributed ideas to others. It is always obvious who is "speaking" and whose positions--the writer's, those of others--are discussed in the artifact. | C35: =OFFSET(Grading!AE27, Grading!$AS$10,0) -> 0
B36: References to other sources are formatted correctly and consistently; full bibliographic information is provided in the list of works cited. | C36: =OFFSET(Grading!AE28, Grading!$AS$10,0) -> 0
B37: The writer has structured the content and organized paragraphs in line with readers' expectations. | C37: =OFFSET(Grading!AE29, Grading!$AS$10,0) -> 0
B38: The texts are mostly correct in terms of spelling, punctuation, and grammar. | C38: =OFFSET(Grading!AE30, Grading!$AS$10,0) -> 0

Sheet Stud29
A1: Instructor | B1: =Course!B3 -> 0
A2: Title | B2: =Course!B4 -> 0
A3: Course Number | B3: =Course!B5 -> 0
A5: Last Name | B5: =OFFSET(Grading!AF7, Grading!$AS$10,0) -> 0
A6: First Name | B6: =OFFSET(Grading!AF8, Grading!$AS$10,0) -> 0
A8: Grading Rubric
A9: max. total points per item: 5
A10: max. total points: 100
B11: 4–5 = criterion fully met
B12: 2–3 = criterion met for the most part
B13: 1 = criterion met to some extent
B14: 0 = criterion not met
B15: Total Score | C15: =OFFSET(Grading!AF32, Grading!$AS$10,0) -> 0
A17: Artefact | B17: Items | C17: Points
A19: Research Question (Artefact 1a) | B19: The research question is precise and related to a specific topic. | C19: =OFFSET(Grading!AF11, Grading!$AS$10,0) -> 0
A20: Reflections (Artefacts 1b, 2d, 3, and 4) | B20: The writer has carefully considered and deepy engaged with the topic. | C20: =OFFSET(Grading!AF12, Grading!$AS$10,0) -> 0
B21: The writer has identified and described one specific situation. | C21: =OFFSET(Grading!AF13, Grading!$AS$10,0) -> 0
B22: The writer has analyzed this specific situation. | C22: =OFFSET(Grading!AF14, Grading!$AS$10,0) -> 0
B23: The writer relates different learning experiences, for example the current experience to an earlier one. | C23: =OFFSET(Grading!AF15, Grading!$AS$10,0) -> 0
B24: The writer questions previously held assumptions, biases, or stereotypes. | C24: =OFFSET(Grading!AF16, Grading!$AS$10,0) -> 0
B25: The writer has gained valuable new insignts. | C25: =OFFSET(Grading!AF17, Grading!$AS$10,0) -> 0
B26: Based on these insights, the writer discusses implications for future actions, thinking, and learning. | C26: =OFFSET(Grading!AF18, Grading!$AS$10,0) -> 0
A27: Response Paper (Artefact 2a-c) | B27: The writer identifies the main thesis and key arguments of the text. | C27: =OFFSET(Grading!AF19, Grading!$AS$10,0) -> 0
B28: The writer elaborates on these main points and provides references to the text. | C28: =OFFSET(Grading!AF20, Grading!$AS$10,0) -> 0
B29: The writer contextualizes these points by also drawing on high-quality sources. | C29: =OFFSET(Grading!AF21, Grading!$AS$10,0) -> 0
B30: The writer considers relevant contextual information, for example historical context, audience, or intellectual tradition. | C30: =OFFSET(Grading!AF22, Grading!$AS$10,0) -> 0
B31: The writer positions themselves vis-a-vis the text and, perhaps, in the debate to which the text contributes. | C31: =OFFSET(Grading!AF23, Grading!$AS$10,0) -> 0
B32: The writer supports this position with reasonable arguments. | C32: =OFFSET(Grading!AF24, Grading!$AS$10,0) -> 0
B33: The writer's diction, tone, and style is appropriate for an academic audience. | C33: =OFFSET(Grading!AF25, Grading!$AS$10,0) -> 0
A34: Entire Portfolio | B34: It is easy to read the text and to understand the writer's reasoning and position. | C34: =OFFSET(Grading!AF26, Grading!$AS$10,0) -> 0
B35: The writer has carefully marked references to other texts as such and clearly attributed ideas to others. It is always obvious who is "speaking" and whose positions--the writer's, those of others--are discussed in the artifact. | C35: =OFFSET(Grading!AF27, Grading!$AS$10,0) -> 0
B36: References to other sources are formatted correctly and consistently; full bibliographic information is provided in the list of works cited. | C36: =OFFSET(Grading!AF28, Grading!$AS$10,0) -> 0
B37: The writer has structured the content and organized paragraphs in line with readers' expectations. | C37: =OFFSET(Grading!AF29, Grading!$AS$10,0) -> 0
B38: The texts are mostly correct in terms of spelling, punctuation, and grammar. | C38: =OFFSET(Grading!AF30, Grading!$AS$10,0) -> 0

Sheet Stud30
A1: Instructor | B1: =Course!B3 -> 0
A2: Title | B2: =Course!B4 -> 0
A3: Course Number | B3: =Course!B5 -> 0
A5: Last Name | B5: =OFFSET(Grading!AG7, Grading!$AS$10,0) -> 0
A6: First Name | B6: =OFFSET(Grading!AG8, Grading!$AS$10,0) -> 0
A8: Grading Rubric
A9: max. total points per item: 5
A10: max. total points: 100
B11: 4–5 = criterion fully met
B12: 2–3 = criterion met for the most part
B13: 1 = criterion met to some extent
B14: 0 = criterion not met
B15: Total Score | C15: =OFFSET(Grading!AG32, Grading!$AS$10,0) -> 0
A17: Artefact | B17: Items | C17: Points
A19: Research Question (Artefact 1a) | B19: The research question is precise and related to a specific topic. | C19: =OFFSET(Grading!AG11, Grading!$AS$10,0) -> 0
A20: Reflections (Artefacts 1b, 2d, 3, and 4) | B20: The writer has carefully considered and deepy engaged with the topic. | C20: =OFFSET(Grading!AG12, Grading!$AS$10,0) -> 0
B21: The writer has identified and described one specific situation. | C21: =OFFSET(Grading!AG13, Grading!$AS$10,0) -> 0
B22: The writer has analyzed this specific situation. | C22: =OFFSET(Grading!AG14, Grading!$AS$10,0) -> 0
B23: The writer relates different learning experiences, for example the current experience to an earlier one. | C23: =OFFSET(Grading!AG15, Grading!$AS$10,0) -> 0
B24: The writer questions previously held assumptions, biases, or stereotypes. | C24: =OFFSET(Grading!AG16, Grading!$AS$10,0) -> 0
B25: The writer has gained valuable new insignts. | C25: =OFFSET(Grading!AG17, Grading!$AS$10,0) -> 0
B26: Based on these insights, the writer discusses implications for future actions, thinking, and learning. | C26: =OFFSET(Grading!AG18, Grading!$AS$10,0) -> 0
A27: Response Paper (Artefact 2a-c) | B27: The writer identifies the main thesis and key arguments of the text. | C27: =OFFSET(Grading!AG19, Grading!$AS$10,0) -> 0
B28: The writer elaborates on these main points and provides references to the text. | C28: =OFFSET(Grading!AG20, Grading!$AS$10,0) -> 0
B29: The writer contextualizes these points by also drawing on high-quality sources. | C29: =OFFSET(Grading!AG21, Grading!$AS$10,0) -> 0
B30: The writer considers relevant contextual information, for example historical context, audience, or intellectual tradition. | C30: =OFFSET(Grading!AG22, Grading!$AS$10,0) -> 0
B31: The writer positions themselves vis-a-vis the text and, perhaps, in the debate to which the text contributes. | C31: =OFFSET(Grading!AG23, Grading!$AS$10,0) -> 0
B32: The writer supports this position with reasonable arguments. | C32: =OFFSET(Grading!AG24, Grading!$AS$10,0) -> 0
B33: The writer's diction, tone, and style is appropriate for an academic audience. | C33: =OFFSET(Grading!AG25, Grading!$AS$10,0) -> 0
A34: Entire Portfolio | B34: It is easy to read the text and to understand the writer's reasoning and position. | C34: =OFFSET(Grading!AG26, Grading!$AS$10,0) -> 0
B35: The writer has carefully marked references to other texts as such and clearly attributed ideas to others. It is always obvious who is "speaking" and whose positions--the writer's, those of others--are discussed in the artifact. | C35: =OFFSET(Grading!AG27, Grading!$AS$10,0) -> 0
B36: References to other sources are formatted correctly and consistently; full bibliographic information is provided in the list of works cited. | C36: =OFFSET(Grading!AG28, Grading!$AS$10,0) -> 0
B37: The writer has structured the content and organized paragraphs in line with readers' expectations. | C37: =OFFSET(Grading!AG29, Grading!$AS$10,0) -> 0
B38: The texts are mostly correct in terms of spelling, punctuation, and grammar. | C38: =OFFSET(Grading!AG30, Grading!$AS$10,0) -> 0

Sheet Stud31
A1: Instructor | B1: =Course!B3 -> 0
A2: Title | B2: =Course!B4 -> 0
A3: Course Number | B3: =Course!B5 -> 0
A5: Last Name | B5: =OFFSET(Grading!AH7, Grading!$AS$10,0) -> 0
A6: First Name | B6: =OFFSET(Grading!AH8, Grading!$AS$10,0) -> 0
A8: Grading Rubric
A9: max. total points per item: 5
A10: max. total points: 100
B11: 4–5 = criterion fully met
B12: 2–3 = criterion met for the most part
B13: 1 = criterion met to some extent
B14: 0 = criterion not met
B15: Total Score | C15: =OFFSET(Grading!AH32, Grading!$AS$10,0) -> 0
A17: Artefact | B17: Items | C17: Points
A19: Research Question (Artefact 1a) | B19: The research question is precise and related to a specific topic. | C19: =OFFSET(Grading!AH11, Grading!$AS$10,0) -> 0
A20: Reflections (Artefacts 1b, 2d, 3, and 4) | B20: The writer has carefully considered and deepy engaged with the topic. | C20: =OFFSET(Grading!AH12, Grading!$AS$10,0) -> 0
B21: The writer has identified and described one specific situation. | C21: =OFFSET(Grading!AH13, Grading!$AS$10,0) -> 0
B22: The writer has analyzed this specific situation. | C22: =OFFSET(Grading!AH14, Grading!$AS$10,0) -> 0
B23: The writer relates different learning experiences, for example the current experience to an earlier one. | C23: =OFFSET(Grading!AH15, Grading!$AS$10,0) -> 0
B24: The writer questions previously held assumptions, biases, or stereotypes. | C24: =OFFSET(Grading!AH16, Grading!$AS$10,0) -> 0
B25: The writer has gained valuable new insignts. | C25: =OFFSET(Grading!AH17, Grading!$AS$10,0) -> 0
B26: Based on these insights, the writer discusses implications for future actions, thinking, and learning. | C26: =OFFSET(Grading!AH18, Grading!$AS$10,0) -> 0
A27: Response Paper (Artefact 2a-c) | B27: The writer identifies the main thesis and key arguments of the text. | C27: =OFFSET(Grading!AH19, Grading!$AS$10,0) -> 0
B28: The writer elaborates on these main points and provides references to the text. | C28: =OFFSET(Grading!AH20, Grading!$AS$10,0) -> 0
B29: The writer contextualizes these points by also drawing on high-quality sources. | C29: =OFFSET(Grading!AH21, Grading!$AS$10,0) -> 0
B30: The writer considers relevant contextual information, for example historical context, audience, or intellectual tradition. | C30: =OFFSET(Grading!AH22, Grading!$AS$10,0) -> 0
B31: The writer positions themselves vis-a-vis the text and, perhaps, in the debate to which the text contributes. | C31: =OFFSET(Grading!AH23, Grading!$AS$10,0) -> 0
B32: The writer supports this position with reasonable arguments. | C32: =OFFSET(Grading!AH24, Grading!$AS$10,0) -> 0
B33: The writer's diction, tone, and style is appropriate for an academic audience. | C33: =OFFSET(Grading!AH25, Grading!$AS$10,0) -> 0
A34: Entire Portfolio | B34: It is easy to read the text and to understand the writer's reasoning and position. | C34: =OFFSET(Grading!AH26, Grading!$AS$10,0) -> 0
B35: The writer has carefully marked references to other texts as such and clearly attributed ideas to others. It is always obvious who is "speaking" and whose positions--the writer's, those of others--are discussed in the artifact. | C35: =OFFSET(Grading!AH27, Grading!$AS$10,0) -> 0
B36: References to other sources are formatted correctly and consistently; full bibliographic information is provided in the list of works cited. | C36: =OFFSET(Grading!AH28, Grading!$AS$10,0) -> 0
B37: The writer has structured the content and organized paragraphs in line with readers' expectations. | C37: =OFFSET(Grading!AH29, Grading!$AS$10,0) -> 0
B38: The texts are mostly correct in terms of spelling, punctuation, and grammar. | C38: =OFFSET(Grading!AH30, Grading!$AS$10,0) -> 0

Sheet Stud32
A1: Instructor | B1: =Course!B3 -> 0
A2: Title | B2: =Course!B4 -> 0
A3: Course Number | B3: =Course!B5 -> 0
A5: Last Name | B5: =OFFSET(Grading!AI7, Grading!$AS$10,0) -> 0
A6: First Name | B6: =OFFSET(Grading!AI8, Grading!$AS$10,0) -> 0
A8: Grading Rubric
A9: max. total points per item: 5
A10: max. total points: 100
B11: 4–5 = criterion fully met
B12: 2–3 = criterion met for the most part
B13: 1 = criterion met to some extent
B14: 0 = criterion not met
B15: Total Score | C15: =OFFSET(Grading!AI32, Grading!$AS$10,0) -> 0
A17: Artefact | B17: Items | C17: Points
A19: Research Question (Artefact 1a) | B19: The research question is precise and related to a specific topic. | C19: =OFFSET(Grading!AI11, Grading!$AS$10,0) -> 0
A20: Reflections (Artefacts 1b, 2d, 3, and 4) | B20: The writer has carefully considered and deepy engaged with the topic. | C20: =OFFSET(Grading!AI12, Grading!$AS$10,0) -> 0
B21: The writer has identified and described one specific situation. | C21: =OFFSET(Grading!AI13, Grading!$AS$10,0) -> 0
B22: The writer has analyzed this specific situation. | C22: =OFFSET(Grading!AI14, Grading!$AS$10,0) -> 0
B23: The writer relates different learning experiences, for example the current experience to an earlier one. | C23: =OFFSET(Grading!AI15, Grading!$AS$10,0) -> 0
B24: The writer questions previously held assumptions, biases, or stereotypes. | C24: =OFFSET(Grading!AI16, Grading!$AS$10,0) -> 0
B25: The writer has gained valuable new insignts. | C25: =OFFSET(Grading!AI17, Grading!$AS$10,0) -> 0
B26: Based on these insights, the writer discusses implications for future actions, thinking, and learning. | C26: =OFFSET(Grading!AI18, Grading!$AS$10,0) -> 0
A27: Response Paper (Artefact 2a-c) | B27: The writer identifies the main thesis and key arguments of the text. | C27: =OFFSET(Grading!AI19, Grading!$AS$10,0) -> 0
B28: The writer elaborates on these main points and provides references to the text. | C28: =OFFSET(Grading!AI20, Grading!$AS$10,0) -> 0
B29: The writer contextualizes these points by also drawing on high-quality sources. | C29: =OFFSET(Grading!AI21, Grading!$AS$10,0) -> 0
B30: The writer considers relevant contextual information, for example historical context, audience, or intellectual tradition. | C30: =OFFSET(Grading!AI22, Grading!$AS$10,0) -> 0
B31: The writer positions themselves vis-a-vis the text and, perhaps, in the debate to which the text contributes. | C31: =OFFSET(Grading!AI23, Grading!$AS$10,0) -> 0
B32: The writer supports this position with reasonable arguments. | C32: =OFFSET(Grading!AI24, Grading!$AS$10,0) -> 0
B33: The writer's diction, tone, and style is appropriate for an academic audience. | C33: =OFFSET(Grading!AI25, Grading!$AS$10,0) -> 0
A34: Entire Portfolio | B34: It is easy to read the text and to understand the writer's reasoning and position. | C34: =OFFSET(Grading!AI26, Grading!$AS$10,0) -> 0
B35: The writer has carefully marked references to other texts as such and clearly attributed ideas to others. It is always obvious who is "speaking" and whose positions--the writer's, those of others--are discussed in the artifact. | C35: =OFFSET(Grading!AI27, Grading!$AS$10,0) -> 0
B36: References to other sources are formatted correctly and consistently; full bibliographic information is provided in the list of works cited. | C36: =OFFSET(Grading!AI28, Grading!$AS$10,0) -> 0
B37: The writer has structured the content and organized paragraphs in line with readers' expectations. | C37: =OFFSET(Grading!AI29, Grading!$AS$10,0) -> 0
B38: The texts are mostly correct in terms of spelling, punctuation, and grammar. | C38: =OFFSET(Grading!AI30, Grading!$AS$10,0) -> 0

Sheet Stud33
A1: Instructor | B1: =Course!B3 -> 0
A2: Title | B2: =Course!B4 -> 0
A3: Course Number | B3: =Course!B5 -> 0
A5: Last Name | B5: =OFFSET(Grading!AJ7, Grading!$AS$10,0) -> 0
A6: First Name | B6: =OFFSET(Grading!AJ8, Grading!$AS$10,0) -> 0
A8: Grading Rubric
A9: max. total points per item: 5
A10: max. total points: 100
B11: 4–5 = criterion fully met
B12: 2–3 = criterion met for the most part
B13: 1 = criterion met to some extent
B14: 0 = criterion not met
B15: Total Score | C15: =OFFSET(Grading!AJ32, Grading!$AS$10,0) -> 0
A17: Artefact | B17: Items | C17: Points
A19: Research Question (Artefact 1a) | B19: The research question is precise and related to a specific topic. | C19: =OFFSET(Grading!AJ11, Grading!$AS$10,0) -> 0
A20: Reflections (Artefacts 1b, 2d, 3, and 4) | B20: The writer has carefully considered and deepy engaged with the topic. | C20: =OFFSET(Grading!AJ12, Grading!$AS$10,0) -> 0
B21: The writer has identified and described one specific situation. | C21: =OFFSET(Grading!AJ13, Grading!$AS$10,0) -> 0
B22: The writer has analyzed this specific situation. | C22: =OFFSET(Grading!AJ14, Grading!$AS$10,0) -> 0
B23: The writer relates different learning experiences, for example the current experience to an earlier one. | C23: =OFFSET(Grading!AJ15, Grading!$AS$10,0) -> 0
B24: The writer questions previously held assumptions, biases, or stereotypes. | C24: =OFFSET(Grading!AJ16, Grading!$AS$10,0) -> 0
B25: The writer has gained valuable new insignts. | C25: =OFFSET(Grading!AJ17, Grading!$AS$10,0) -> 0
B26: Based on these insights, the writer discusses implications for future actions, thinking, and learning. | C26: =OFFSET(Grading!AJ18, Grading!$AS$10,0) -> 0
A27: Response Paper (Artefact 2a-c) | B27: The writer identifies the main thesis and key arguments of the text. | C27: =OFFSET(Grading!AJ19, Grading!$AS$10,0) -> 0
B28: The writer elaborates on these main points and provides references to the text. | C28: =OFFSET(Grading!AJ20, Grading!$AS$10,0) -> 0
B29: The writer contextualizes these points by also drawing on high-quality sources. | C29: =OFFSET(Grading!AJ21, Grading!$AS$10,0) -> 0
B30: The writer considers relevant contextual information, for example historical context, audience, or intellectual tradition. | C30: =OFFSET(Grading!AJ22, Grading!$AS$10,0) -> 0
B31: The writer positions themselves vis-a-vis the text and, perhaps, in the debate to which the text contributes. | C31: =OFFSET(Grading!AJ23, Grading!$AS$10,0) -> 0
B32: The writer supports this position with reasonable arguments. | C32: =OFFSET(Grading!AJ24, Grading!$AS$10,0) -> 0
B33: The writer's diction, tone, and style is appropriate for an academic audience. | C33: =OFFSET(Grading!AJ25, Grading!$AS$10,0) -> 0
A34: Entire Portfolio | B34: It is easy to read the text and to understand the writer's reasoning and position. | C34: =OFFSET(Grading!AJ26, Grading!$AS$10,0) -> 0
B35: The writer has carefully marked references to other texts as such and clearly attributed ideas to others. It is always obvious who is "speaking" and whose positions--the writer's, those of others--are discussed in the artifact. | C35: =OFFSET(Grading!AJ27, Grading!$AS$10,0) -> 0
B36: References to other sources are formatted correctly and consistently; full bibliographic information is provided in the list of works cited. | C36: =OFFSET(Grading!AJ28, Grading!$AS$10,0) -> 0
B37: The writer has structured the content and organized paragraphs in line with readers' expectations. | C37: =OFFSET(Grading!AJ29, Grading!$AS$10,0) -> 0
B38: The texts are mostly correct in terms of spelling, punctuation, and grammar. | C38: =OFFSET(Grading!AJ30, Grading!$AS$10,0) -> 0

Sheet Stud34
A1: Instructor | B1: =Course!B3 -> 0
A2: Title | B2: =Course!B4 -> 0
A3: Course Number | B3: =Course!B5 -> 0
A5: Last Name | B5: =OFFSET(Grading!AK7, Grading!$AS$10,0) -> 0
A6: First Name | B6: =OFFSET(Grading!AK8, Grading!$AS$10,0) -> 0
A8: Grading Rubric
A9: max. total points per item: 5
A10: max. total points: 100
B11: 4–5 = criterion fully met
B12: 2–3 = criterion met for the most part
B13: 1 = criterion met to some extent
B14: 0 = criterion not met
B15: Total Score | C15: =OFFSET(Grading!AK32, Grading!$AS$10,0) -> 0
A17: Artefact | B17: Items | C17: Points
A19: Research Question (Artefact 1a) | B19: The research question is precise and related to a specific topic. | C19: =OFFSET(Grading!AK11, Grading!$AS$10,0) -> 0
A20: Reflections (Artefacts 1b, 2d, 3, and 4) | B20: The writer has carefully considered and deepy engaged with the topic. | C20: =OFFSET(Grading!AK12, Grading!$AS$10,0) -> 0
B21: The writer has identified and described one specific situation. | C21: =OFFSET(Grading!AK13, Grading!$AS$10,0) -> 0
B22: The writer has analyzed this specific situation. | C22: =OFFSET(Grading!AK14, Grading!$AS$10,0) -> 0
B23: The writer relates different learning experiences, for example the current experience to an earlier one. | C23: =OFFSET(Grading!AK15, Grading!$AS$10,0) -> 0
B24: The writer questions previously held assumptions, biases, or stereotypes. | C24: =OFFSET(Grading!AK16, Grading!$AS$10,0) -> 0
B25: The writer has gained valuable new insignts. | C25: =OFFSET(Grading!AK17, Grading!$AS$10,0) -> 0
B26: Based on these insights, the writer discusses implications for future actions, thinking, and learning. | C26: =OFFSET(Grading!AK18, Grading!$AS$10,0) -> 0
A27: Response Paper (Artefact 2a-c) | B27: The writer identifies the main thesis and key arguments of the text. | C27: =OFFSET(Grading!AK19, Grading!$AS$10,0) -> 0
B28: The writer elaborates on these main points and provides references to the text. | C28: =OFFSET(Grading!AK20, Grading!$AS$10,0) -> 0
B29: The writer contextualizes these points by also drawing on high-quality sources. | C29: =OFFSET(Grading!AK21, Grading!$AS$10,0) -> 0
B30: The writer considers relevant contextual information, for example historical context, audience, or intellectual tradition. | C30: =OFFSET(Grading!AK22, Grading!$AS$10,0) -> 0
B31: The writer positions themselves vis-a-vis the text and, perhaps, in the debate to which the text contributes. | C31: =OFFSET(Grading!AK23, Grading!$AS$10,0) -> 0
B32: The writer supports this position with reasonable arguments. | C32: =OFFSET(Grading!AK24, Grading!$AS$10,0) -> 0
B33: The writer's diction, tone, and style is appropriate for an academic audience. | C33: =OFFSET(Grading!AK25, Grading!$AS$10,0) -> 0
A34: Entire Portfolio | B34: It is easy to read the text and to understand the writer's reasoning and position. | C34: =OFFSET(Grading!AK26, Grading!$AS$10,0) -> 0
B35: The writer has carefully marked references to other texts as such and clearly attributed ideas to others. It is always obvious who is "speaking" and whose positions--the writer's, those of others--are discussed in the artifact. | C35: =OFFSET(Grading!AK27, Grading!$AS$10,0) -> 0
B36: References to other sources are formatted correctly and consistently; full bibliographic information is provided in the list of works cited. | C36: =OFFSET(Grading!AK28, Grading!$AS$10,0) -> 0
B37: The writer has structured the content and organized paragraphs in line with readers' expectations. | C37: =OFFSET(Grading!AK29, Grading!$AS$10,0) -> 0
B38: The texts are mostly correct in terms of spelling, punctuation, and grammar. | C38: =OFFSET(Grading!AK30, Grading!$AS$10,0) -> 0

Sheet Stud35
A1: Instructor | B1: =Course!B3 -> 0
A2: Title | B2: =Course!B4 -> 0
A3: Course Number | B3: =Course!B5 -> 0
A5: Last Name | B5: =OFFSET(Grading!AL7, Grading!$AS$10,0) -> 0
A6: First Name | B6: =OFFSET(Grading!AL8, Grading!$AS$10,0) -> 0
A8: Grading Rubric
A9: max. total points per item: 5
A10: max. total points: 100
B11: 4–5 = criterion fully met
B12: 2–3 = criterion met for the most part
B13: 1 = criterion met to some extent
B14: 0 = criterion not met
B15: Total Score | C15: =OFFSET(Grading!AL32, Grading!$AS$10,0) -> 0
A17: Artefact | B17: Items | C17: Points
A19: Research Question (Artefact 1a) | B19: The research question is precise and related to a specific topic. | C19: =OFFSET(Grading!AL11, Grading!$AS$10,0) -> 0
A20: Reflections (Artefacts 1b, 2d, 3, and 4) | B20: The writer has carefully considered and deepy engaged with the topic. | C20: =OFFSET(Grading!AL12, Grading!$AS$10,0) -> 0
B21: The writer has identified and described one specific situation. | C21: =OFFSET(Grading!AL13, Grading!$AS$10,0) -> 0
B22: The writer has analyzed this specific situation. | C22: =OFFSET(Grading!AL14, Grading!$AS$10,0) -> 0
B23: The writer relates different learning experiences, for example the current experience to an earlier one. | C23: =OFFSET(Grading!AL15, Grading!$AS$10,0) -> 0
B24: The writer questions previously held assumptions, biases, or stereotypes. | C24: =OFFSET(Grading!AL16, Grading!$AS$10,0) -> 0
B25: The writer has gained valuable new insignts. | C25: =OFFSET(Grading!AL17, Grading!$AS$10,0) -> 0
B26: Based on these insights, the writer discusses implications for future actions, thinking, and learning. | C26: =OFFSET(Grading!AL18, Grading!$AS$10,0) -> 0
A27: Response Paper (Artefact 2a-c) | B27: The writer identifies the main thesis and key arguments of the text. | C27: =OFFSET(Grading!AL19, Grading!$AS$10,0) -> 0
B28: The writer elaborates on these main points and provides references to the text. | C28: =OFFSET(Grading!AL20, Grading!$AS$10,0) -> 0
B29: The writer contextualizes these points by also drawing on high-quality sources. | C29: =OFFSET(Grading!AL21, Grading!$AS$10,0) -> 0
B30: The writer considers relevant contextual information, for example historical context, audience, or intellectual tradition. | C30: =OFFSET(Grading!AL22, Grading!$AS$10,0) -> 0
B31: The writer positions themselves vis-a-vis the text and, perhaps, in the debate to which the text contributes. | C31: =OFFSET(Grading!AL23, Grading!$AS$10,0) -> 0
B32: The writer supports this position with reasonable arguments. | C32: =OFFSET(Grading!AL24, Grading!$AS$10,0) -> 0
B33: The writer's diction, tone, and style is appropriate for an academic audience. | C33: =OFFSET(Grading!AL25, Grading!$AS$10,0) -> 0
A34: Entire Portfolio | B34: It is easy to read the text and to understand the writer's reasoning and position. | C34: =OFFSET(Grading!AL26, Grading!$AS$10,0) -> 0
B35: The writer has carefully marked references to other texts as such and clearly attributed ideas to others. It is always obvious who is "speaking" and whose positions--the writer's, those of others--are discussed in the artifact. | C35: =OFFSET(Grading!AL27, Grading!$AS$10,0) -> 0
B36: References to other sources are formatted correctly and consistently; full bibliographic information is provided in the list of works cited. | C36: =OFFSET(Grading!AL28, Grading!$AS$10,0) -> 0
B37: The writer has structured the content and organized paragraphs in line with readers' expectations. | C37: =OFFSET(Grading!AL29, Grading!$AS$10,0) -> 0
B38: The texts are mostly correct in terms of spelling, punctuation, and grammar. | C38: =OFFSET(Grading!AL30, Grading!$AS$10,0) -> 0

Sheet Stud36
A1: Instructor | B1: =Course!B3 -> 0
A2: Title | B2: =Course!B4 -> 0
A3: Course Number | B3: =Course!B5 -> 0
A5: Last Name | B5: =OFFSET(Grading!AM7, Grading!$AS$10,0) -> 0
A6: First Name | B6: =OFFSET(Grading!AM8, Grading!$AS$10,0) -> 0
A8: Grading Rubric
A9: max. total points per item: 5
A10: max. total points: 100
B11: 4–5 = criterion fully met
B12: 2–3 = criterion met for the most part
B13: 1 = criterion met to some extent
B14: 0 = criterion not met
B15: Total Score | C15: =OFFSET(Grading!AM32, Grading!$AS$10,0) -> 0
A17: Artefact | B17: Items | C17: Points
A19: Research Question (Artefact 1a) | B19: The research question is precise and related to a specific topic. | C19: =OFFSET(Grading!AM11, Grading!$AS$10,0) -> 0
A20: Reflections (Artefacts 1b, 2d, 3, and 4) | B20: The writer has carefully considered and deepy engaged with the topic. | C20: =OFFSET(Grading!AM12, Grading!$AS$10,0) -> 0
B21: The writer has identified and described one specific situation. | C21: =OFFSET(Grading!AM13, Grading!$AS$10,0) -> 0
B22: The writer has analyzed this specific situation. | C22: =OFFSET(Grading!AM14, Grading!$AS$10,0) -> 0
B23: The writer relates different learning experiences, for example the current experience to an earlier one. | C23: =OFFSET(Grading!AM15, Grading!$AS$10,0) -> 0
B24: The writer questions previously held assumptions, biases, or stereotypes. | C24: =OFFSET(Grading!AM16, Grading!$AS$10,0) -> 0
B25: The writer has gained valuable new insignts. | C25: =OFFSET(Grading!AM17, Grading!$AS$10,0) -> 0
B26: Based on these insights, the writer discusses implications for future actions, thinking, and learning. | C26: =OFFSET(Grading!AM18, Grading!$AS$10,0) -> 0
A27: Response Paper (Artefact 2a-c) | B27: The writer identifies the main thesis and key arguments of the text. | C27: =OFFSET(Grading!AM19, Grading!$AS$10,0) -> 0
B28: The writer elaborates on these main points and provides references to the text. | C28: =OFFSET(Grading!AM20, Grading!$AS$10,0) -> 0
B29: The writer contextualizes these points by also drawing on high-quality sources. | C29: =OFFSET(Grading!AM21, Grading!$AS$10,0) -> 0
B30: The writer considers relevant contextual information, for example historical context, audience, or intellectual tradition. | C30: =OFFSET(Grading!AM22, Grading!$AS$10,0) -> 0
B31: The writer positions themselves vis-a-vis the text and, perhaps, in the debate to which the text contributes. | C31: =OFFSET(Grading!AM23, Grading!$AS$10,0) -> 0
B32: The writer supports this position with reasonable arguments. | C32: =OFFSET(Grading!AM24, Grading!$AS$10,0) -> 0
B33: The writer's diction, tone, and style is appropriate for an academic audience. | C33: =OFFSET(Grading!AM25, Grading!$AS$10,0) -> 0
A34: Entire Portfolio | B34: It is easy to read the text and to understand the writer's reasoning and position. | C34: =OFFSET(Grading!AM26, Grading!$AS$10,0) -> 0
B35: The writer has carefully marked references to other texts as such and clearly attributed ideas to others. It is always obvious who is "speaking" and whose positions--the writer's, those of others--are discussed in the artifact. | C35: =OFFSET(Grading!AM27, Grading!$AS$10,0) -> 0
B36: References to other sources are formatted correctly and consistently; full bibliographic information is provided in the list of works cited. | C36: =OFFSET(Grading!AM28, Grading!$AS$10,0) -> 0
B37: The writer has structured the content and organized paragraphs in line with readers' expectations. | C37: =OFFSET(Grading!AM29, Grading!$AS$10,0) -> 0
B38: The texts are mostly correct in terms of spelling, punctuation, and grammar. | C38: =OFFSET(Grading!AM30, Grading!$AS$10,0) -> 0

Sheet Stud37
A1: Instructor | B1: =Course!B3 -> 0
A2: Title | B2: =Course!B4 -> 0
A3: Course Number | B3: =Course!B5 -> 0
A5: Last Name | B5: =OFFSET(Grading!AN7, Grading!$AS$10,0) -> 0
A6: First Name | B6: =OFFSET(Grading!AN8, Grading!$AS$10,0) -> 0
A8: Grading Rubric
A9: max. total points per item: 5
A10: max. total points: 100
B11: 4–5 = criterion fully met
B12: 2–3 = criterion met for the most part
B13: 1 = criterion met to some extent
B14: 0 = criterion not met
B15: Total Score | C15: =OFFSET(Grading!AN32, Grading!$AS$10,0) -> 0
A17: Artefact | B17: Items | C17: Points
A19: Research Question (Artefact 1a) | B19: The research question is precise and related to a specific topic. | C19: =OFFSET(Grading!AN11, Grading!$AS$10,0) -> 0
A20: Reflections (Artefacts 1b, 2d, 3, and 4) | B20: The writer has carefully considered and deepy engaged with the topic. | C20: =OFFSET(Grading!AN12, Grading!$AS$10,0) -> 0
B21: The writer has identified and described one specific situation. | C21: =OFFSET(Grading!AN13, Grading!$AS$10,0) -> 0
B22: The writer has analyzed this specific situation. | C22: =OFFSET(Grading!AN14, Grading!$AS$10,0) -> 0
B23: The writer relates different learning experiences, for example the current experience to an earlier one. | C23: =OFFSET(Grading!AN15, Grading!$AS$10,0) -> 0
B24: The writer questions previously held assumptions, biases, or stereotypes. | C24: =OFFSET(Grading!AN16, Grading!$AS$10,0) -> 0
B25: The writer has gained valuable new insignts. | C25: =OFFSET(Grading!AN17, Grading!$AS$10,0) -> 0
B26: Based on these insights, the writer discusses implications for future actions, thinking, and learning. | C26: =OFFSET(Grading!AN18, Grading!$AS$10,0) -> 0
A27: Response Paper (Artefact 2a-c) | B27: The writer identifies the main thesis and key arguments of the text. | C27: =OFFSET(Grading!AN19, Grading!$AS$10,0) -> 0
B28: The writer elaborates on these main points and provides references to the text. | C28: =OFFSET(Grading!AN20, Grading!$AS$10,0) -> 0
B29: The writer contextualizes these points by also drawing on high-quality sources. | C29: =OFFSET(Grading!AN21, Grading!$AS$10,0) -> 0
B30: The writer considers relevant contextual information, for example historical context, audience, or intellectual tradition. | C30: =OFFSET(Grading!AN22, Grading!$AS$10,0) -> 0
B31: The writer positions themselves vis-a-vis the text and, perhaps, in the debate to which the text contributes. | C31: =OFFSET(Grading!AN23, Grading!$AS$10,0) -> 0
B32: The writer supports this position with reasonable arguments. | C32: =OFFSET(Grading!AN24, Grading!$AS$10,0) -> 0
B33: The writer's diction, tone, and style is appropriate for an academic audience. | C33: =OFFSET(Grading!AN25, Grading!$AS$10,0) -> 0
A34: Entire Portfolio | B34: It is easy to read the text and to understand the writer's reasoning and position. | C34: =OFFSET(Grading!AN26, Grading!$AS$10,0) -> 0
B35: The writer has carefully marked references to other texts as such and clearly attributed ideas to others. It is always obvious who is "speaking" and whose positions--the writer's, those of others--are discussed in the artifact. | C35: =OFFSET(Grading!AN27, Grading!$AS$10,0) -> 0
B36: References to other sources are formatted correctly and consistently; full bibliographic information is provided in the list of works cited. | C36: =OFFSET(Grading!AN28, Grading!$AS$10,0) -> 0
B37: The writer has structured the content and organized paragraphs in line with readers' expectations. | C37: =OFFSET(Grading!AN29, Grading!$AS$10,0) -> 0
B38: The texts are mostly correct in terms of spelling, punctuation, and grammar. | C38: =OFFSET(Grading!AN30, Grading!$AS$10,0) -> 0

Sheet Stud38
A1: Instructor | B1: =Course!B3 -> 0
A2: Title | B2: =Course!B4 -> 0
A3: Course Number | B3: =Course!B5 -> 0
A5: Last Name | B5: =OFFSET(Grading!AO7, Grading!$AS$10,0) -> 0
A6: First Name | B6: =OFFSET(Grading!AO8, Grading!$AS$10,0) -> 0
A8: Grading Rubric
A9: max. total points per item: 5
A10: max. total points: 100
B11: 4–5 = criterion fully met
B12: 2–3 = criterion met for the most part
B13: 1 = criterion met to some extent
B14: 0 = criterion not met
B15: Total Score | C15: =OFFSET(Grading!AO32, Grading!$AS$10,0) -> 0
A17: Artefact | B17: Items | C17: Points
A19: Research Question (Artefact 1a) | B19: The research question is precise and related to a specific topic. | C19: =OFFSET(Grading!AO11, Grading!$AS$10,0) -> 0
A20: Reflections (Artefacts 1b, 2d, 3, and 4) | B20: The writer has carefully considered and deepy engaged with the topic. | C20: =OFFSET(Grading!AO12, Grading!$AS$10,0) -> 0
B21: The writer has identified and described one specific situation. | C21: =OFFSET(Grading!AO13, Grading!$AS$10,0) -> 0
B22: The writer has analyzed this specific situation. | C22: =OFFSET(Grading!AO14, Grading!$AS$10,0) -> 0
B23: The writer relates different learning experiences, for example the current experience to an earlier one. | C23: =OFFSET(Grading!AO15, Grading!$AS$10,0) -> 0
B24: The writer questions previously held assumptions, biases, or stereotypes. | C24: =OFFSET(Grading!AO16, Grading!$AS$10,0) -> 0
B25: The writer has gained valuable new insignts. | C25: =OFFSET(Grading!AO17, Grading!$AS$10,0) -> 0
B26: Based on these insights, the writer discusses implications for future actions, thinking, and learning. | C26: =OFFSET(Grading!AO18, Grading!$AS$10,0) -> 0
A27: Response Paper (Artefact 2a-c) | B27: The writer identifies the main thesis and key arguments of the text. | C27: =OFFSET(Grading!AO19, Grading!$AS$10,0) -> 0
B28: The writer elaborates on these main points and provides references to the text. | C28: =OFFSET(Grading!AO20, Grading!$AS$10,0) -> 0
B29: The writer contextualizes these points by also drawing on high-quality sources. | C29: =OFFSET(Grading!AO21, Grading!$AS$10,0) -> 0
B30: The writer considers relevant contextual information, for example historical context, audience, or intellectual tradition. | C30: =OFFSET(Grading!AO22, Grading!$AS$10,0) -> 0
B31: The writer positions themselves vis-a-vis the text and, perhaps, in the debate to which the text contributes. | C31: =OFFSET(Grading!AO23, Grading!$AS$10,0) -> 0
B32: The writer supports this position with reasonable arguments. | C32: =OFFSET(Grading!AO24, Grading!$AS$10,0) -> 0
B33: The writer's diction, tone, and style is appropriate for an academic audience. | C33: =OFFSET(Grading!AO25, Grading!$AS$10,0) -> 0
A34: Entire Portfolio | B34: It is easy to read the text and to understand the writer's reasoning and position. | C34: =OFFSET(Grading!AO26, Grading!$AS$10,0) -> 0
B35: The writer has carefully marked references to other texts as such and clearly attributed ideas to others. It is always obvious who is "speaking" and whose positions--the writer's, those of others--are discussed in the artifact. | C35: =OFFSET(Grading!AO27, Grading!$AS$10,0) -> 0
B36: References to other sources are formatted correctly and consistently; full bibliographic information is provided in the list of works cited. | C36: =OFFSET(Grading!AO28, Grading!$AS$10,0) -> 0
B37: The writer has structured the content and organized paragraphs in line with readers' expectations. | C37: =OFFSET(Grading!AO29, Grading!$AS$10,0) -> 0
B38: The texts are mostly correct in terms of spelling, punctuation, and grammar. | C38: =OFFSET(Grading!AO30, Grading!$AS$10,0) -> 0

Sheet Stud39
A1: Instructor | B1: =Course!B3 -> 0
A2: Title | B2: =Course!B4 -> 0
A3: Course Number | B3: =Course!B5 -> 0
A5: Last Name | B5: =OFFSET(Grading!AP7, Grading!$AS$10,0) -> 0
A6: First Name | B6: =OFFSET(Grading!AP8, Grading!$AS$10,0) -> 0
A8: Grading Rubric
A9: max. total points per item: 5
A10: max. total points: 100
B11: 4–5 = criterion fully met
B12: 2–3 = criterion met for the most part
B13: 1 = criterion met to some extent
B14: 0 = criterion not met
B15: Total Score | C15: =OFFSET(Grading!AP32, Grading!$AS$10,0) -> 0
A17: Artefact | B17: Items | C17: Points
A19: Research Question (Artefact 1a) | B19: The research question is precise and related to a specific topic. | C19: =OFFSET(Grading!AP11, Grading!$AS$10,0) -> 0
A20: Reflections (Artefacts 1b, 2d, 3, and 4) | B20: The writer has carefully considered and deepy engaged with the topic. | C20: =OFFSET(Grading!AP12, Grading!$AS$10,0) -> 0
B21: The writer has identified and described one specific situation. | C21: =OFFSET(Grading!AP13, Grading!$AS$10,0) -> 0
B22: The writer has analyzed this specific situation. | C22: =OFFSET(Grading!AP14, Grading!$AS$10,0) -> 0
B23: The writer relates different learning experiences, for example the current experience to an earlier one. | C23: =OFFSET(Grading!AP15, Grading!$AS$10,0) -> 0
B24: The writer questions previously held assumptions, biases, or stereotypes. | C24: =OFFSET(Grading!AP16, Grading!$AS$10,0) -> 0
B25: The writer has gained valuable new insignts. | C25: =OFFSET(Grading!AP17, Grading!$AS$10,0) -> 0
B26: Based on these insights, the writer discusses implications for future actions, thinking, and learning. | C26: =OFFSET(Grading!AP18, Grading!$AS$10,0) -> 0
A27: Response Paper (Artefact 2a-c) | B27: The writer identifies the main thesis and key arguments of the text. | C27: =OFFSET(Grading!AP19, Grading!$AS$10,0) -> 0
B28: The writer elaborates on these main points and provides references to the text. | C28: =OFFSET(Grading!AP20, Grading!$AS$10,0) -> 0
B29: The writer contextualizes these points by also drawing on high-quality sources. | C29: =OFFSET(Grading!AP21, Grading!$AS$10,0) -> 0
B30: The writer considers relevant contextual information, for example historical context, audience, or intellectual tradition. | C30: =OFFSET(Grading!AP22, Grading!$AS$10,0) -> 0
B31: The writer positions themselves vis-a-vis the text and, perhaps, in the debate to which the text contributes. | C31: =OFFSET(Grading!AP23, Grading!$AS$10,0) -> 0
B32: The writer supports this position with reasonable arguments. | C32: =OFFSET(Grading!AP24, Grading!$AS$10,0) -> 0
B33: The writer's diction, tone, and style is appropriate for an academic audience. | C33: =OFFSET(Grading!AP25, Grading!$AS$10,0) -> 0
A34: Entire Portfolio | B34: It is easy to read the text and to understand the writer's reasoning and position. | C34: =OFFSET(Grading!AP26, Grading!$AS$10,0) -> 0
B35: The writer has carefully marked references to other texts as such and clearly attributed ideas to others. It is always obvious who is "speaking" and whose positions--the writer's, those of others--are discussed in the artifact. | C35: =OFFSET(Grading!AP27, Grading!$AS$10,0) -> 0
B36: References to other sources are formatted correctly and consistently; full bibliographic information is provided in the list of works cited. | C36: =OFFSET(Grading!AP28, Grading!$AS$10,0) -> 0
B37: The writer has structured the content and organized paragraphs in line with readers' expectations. | C37: =OFFSET(Grading!AP29, Grading!$AS$10,0) -> 0
B38: The texts are mostly correct in terms of spelling, punctuation, and grammar. | C38: =OFFSET(Grading!AP30, Grading!$AS$10,0) -> 0

Sheet Stud40
A1: Instructor | B1: =Course!B3 -> 0
A2: Title | B2: =Course!B4 -> 0
A3: Course Number | B3: =Course!B5 -> 0
A5: Last Name | B5: =OFFSET(Grading!AQ7, Grading!$AS$10,0) -> 0
A6: First Name | B6: =OFFSET(Grading!AQ8, Grading!$AS$10,0) -> 0
A8: Grading Rubric
A9: max. total points per item: 5
A10: max. total points: 100
B11: 4–5 = criterion fully met
B12: 2–3 = criterion met for the most part
B13: 1 = criterion met to some extent
B14: 0 = criterion not met
B15: Total Score | C15: =OFFSET(Grading!AQ32, Grading!$AS$10,0) -> 0
A17: Artefact | B17: Items | C17: Points
A19: Research Question (Artefact 1a) | B19: The research question is precise and related to a specific topic. | C19: =OFFSET(Grading!AQ11, Grading!$AS$10,0) -> 0
A20: Reflections (Artefacts 1b, 2d, 3, and 4) | B20: The writer has carefully considered and deepy engaged with the topic. | C20: =OFFSET(Grading!AQ12, Grading!$AS$10,0) -> 0
B21: The writer has identified and described one specific situation. | C21: =OFFSET(Grading!AQ13, Grading!$AS$10,0) -> 0
B22: The writer has analyzed this specific situation. | C22: =OFFSET(Grading!AQ14, Grading!$AS$10,0) -> 0
B23: The writer relates different learning experiences, for example the current experience to an earlier one. | C23: =OFFSET(Grading!AQ15, Grading!$AS$10,0) -> 0
B24: The writer questions previously held assumptions, biases, or stereotypes. | C24: =OFFSET(Grading!AQ16, Grading!$AS$10,0) -> 0
B25: The writer has gained valuable new insignts. | C25: =OFFSET(Grading!AQ17, Grading!$AS$10,0) -> 0
B26: Based on these insights, the writer discusses implications for future actions, thinking, and learning. | C26: =OFFSET(Grading!AQ18, Grading!$AS$10,0) -> 0
A27: Response Paper (Artefact 2a-c) | B27: The writer identifies the main thesis and key arguments of the text. | C27: =OFFSET(Grading!AQ19, Grading!$AS$10,0) -> 0
B28: The writer elaborates on these main points and provides references to the text. | C28: =OFFSET(Grading!AQ20, Grading!$AS$10,0) -> 0
B29: The writer contextualizes these points by also drawing on high-quality sources. | C29: =OFFSET(Grading!AQ21, Grading!$AS$10,0) -> 0
B30: The writer considers relevant contextual information, for example historical context, audience, or intellectual tradition. | C30: =OFFSET(Grading!AQ22, Grading!$AS$10,0) -> 0
B31: The writer positions themselves vis-a-vis the text and, perhaps, in the debate to which the text contributes. | C31: =OFFSET(Grading!AQ23, Grading!$AS$10,0) -> 0
B32: The writer supports this position with reasonable arguments. | C32: =OFFSET(Grading!AQ24, Grading!$AS$10,0) -> 0
B33: The writer's diction, tone, and style is appropriate for an academic audience. | C33: =OFFSET(Grading!AQ25, Grading!$AS$10,0) -> 0
A34: Entire Portfolio | B34: It is easy to read the text and to understand the writer's reasoning and position. | C34: =OFFSET(Grading!AQ26, Grading!$AS$10,0) -> 0
B35: The writer has carefully marked references to other texts as such and clearly attributed ideas to others. It is always obvious who is "speaking" and whose positions--the writer's, those of others--are discussed in the artifact. | C35: =OFFSET(Grading!AQ27, Grading!$AS$10,0) -> 0
B36: References to other sources are formatted correctly and consistently; full bibliographic information is provided in the list of works cited. | C36: =OFFSET(Grading!AQ28, Grading!$AS$10,0) -> 0
B37: The writer has structured the content and organized paragraphs in line with readers' expectations. | C37: =OFFSET(Grading!AQ29, Grading!$AS$10,0) -> 0
B38: The texts are mostly correct in terms of spelling, punctuation, and grammar. | C38: =OFFSET(Grading!AQ30, Grading!$AS$10,0) -> 0
